_MEMBER_CNet-SVM,_MEMBER_Enet-SVM,_MEMBER_L2SCAD-SVM,_MEMBER_Lasso-SVM,_MEMBER_SCAD-SVM,_MEMBER_SGLasso-SVM,_MEMBER_SVM-RFE,_MEMBER_mRMR-SVM,_LogP_CNet-SVM,_LogP_Enet-SVM,_LogP_L2SCAD-SVM,_LogP_Lasso-SVM,_LogP_SCAD-SVM,_LogP_SGLasso-SVM,_LogP_SVM-RFE,_LogP_mRMR-SVM,GO,_PATTERN_,_RANK_,GiniIndex,Category,CategoryID,Description,PARENT_GO,LogP,Enrichment,Z-score,#TotalGeneInLibrary,#GeneInGO,#GeneInHitList,#GeneInGOAndHitList,%InGO,STDV %InGO,GeneID,Hits,Log(q-value),EvidenceCutoff
0,0,0,0,0,0,0,1,0,0,0,0,0,0,0,-8.9,C1257915,M00000001,1,0,DisGeNET,35,Intestinal Polyposis,,-8.9,1e+02,22,30198,49,30,5,17,6.8,1311|1499|1523|4089|4436,COMP|CTNNB1|CUX1|SMAD4|MSH2,-5.1,0
0,0,0,0,0,0,0,1,0,0,0,0,0,0,0,-7.9,C0040100,M00000001,1,0,DisGeNET,35,Thymoma,,-7.9,24,13,30198,291,30,7,23,7.7,208|1499|3815|4089|4616|5595|6599,AKT2|CTNNB1|KIT|SMAD4|GADD45B|MAPK3|SMARCC1,-4.2,0
1,0,0,0,0,0,1,1,-2.2,0,0,0,0,0,-3.2,-7.8,C4551686,M10000011,3,0,DisGeNET,35,Malignant neoplasm of soft tissue,,-7.8,13,10,30198,699,30,9,30,8.4,1311|1385|1499|1523|3815|4089|4320|4436|5595,COMP|CREB1|CTNNB1|CUX1|KIT|SMAD4|MMP11|MSH2|MAPK3,-4.2,0
0,0,0,0,0,0,0,1,0,0,0,0,0,0,0,-7.6,C0262584,M00000001,1,0,DisGeNET,35,"Carcinoma, Small Cell",,-7.6,33,14,30198,185,30,6,20,7.3,208|1499|3815|4089|4436|6599,AKT2|CTNNB1|KIT|SMAD4|MSH2|SMARCC1,-4.1,0
0,0,0,0,0,0,0,1,0,0,0,0,0,0,0,-7.4,C1319315,M00000001,1,0,DisGeNET,35,Adenocarcinoma of large intestine,,-7.4,15,10,30198,543,30,8,27,8.1,208|1284|1499|1523|3489|3815|4089|4436,AKT2|COL4A2|CTNNB1|CUX1|IGFBP6|KIT|SMAD4|MSH2,-4,0
1,0,0,0,0,0,0,1,-3.5,0,0,0,0,0,0,-7.2,C0042133,M10000001,2,0,DisGeNET,35,Uterine Fibroids,,-7.2,14,10,30198,569,30,8,27,8.1,208|1284|1499|1523|3815|4089|4436|5595,AKT2|COL4A2|CTNNB1|CUX1|KIT|SMAD4|MSH2|MAPK3,-3.8,0
1,0,1,0,1,0,1,1,-3.3,0,-6.9,0,-2.7,0,-3.4,-4.4,C0153690,M10101011,5,0,DisGeNET,35,Secondary malignant neoplasm of bone,,-6.9,16,10,30198,647,20,7,35,11,148|3381|4680|5179|6354|6722|8840,ADRA1A|IBSP|CEACAM6|PENK|CCL7|SRF|CCN4,-3.6,0
0,0,0,0,0,0,0,1,0,0,0,0,0,0,0,-6.9,C0334299,M00000001,1,0,DisGeNET,35,Carcinoid tumor no ICD-O subtype,,-6.9,41,14,30198,122,30,5,17,6.8,1499|3815|4089|4436|5595,CTNNB1|KIT|SMAD4|MSH2|MAPK3,-3.6,0
0,0,0,0,0,0,0,1,0,0,0,0,0,0,0,-6.8,C0345967,M00000001,1,0,DisGeNET,35,Malignant mesothelioma,,-6.8,17,10,30198,420,30,7,23,7.7,1385|1499|1523|3815|5595|6599|8817,CREB1|CTNNB1|CUX1|KIT|MAPK3|SMARCC1|FGF18,-3.6,0
0,0,0,0,0,0,1,1,0,0,0,0,0,0,-2,-6.7,C3811653,M00000011,2,0,DisGeNET,35,Experimental Organism Basal Cell Carcinoma,,-6.7,16,10,30198,437,30,7,23,7.7,208|1311|1499|4089|4320|4436|5595,AKT2|COMP|CTNNB1|SMAD4|MMP11|MSH2|MAPK3,-3.5,0
0,0,1,0,0,0,0,1,0,0,-3.9,0,0,0,0,-6.5,C0037579,M00100001,2,0,DisGeNET,35,Soft Tissue Neoplasms,,-6.5,35,13,30198,145,30,5,17,6.8,208|1385|1499|3815|4436,AKT2|CREB1|CTNNB1|KIT|MSH2,-3.4,0
0,0,0,0,0,0,0,1,0,0,0,0,0,0,0,-6.5,C0032927,M00000001,1,0,DisGeNET,35,Precancerous Conditions,,-6.5,15,9.6,30198,471,30,7,23,7.7,208|1499|3815|4089|4320|4436|8659,AKT2|CTNNB1|KIT|SMAD4|MMP11|MSH2|ALDH4A1,-3.4,0
0,0,0,0,0,1,0,1,0,0,0,0,0,-2.4,0,-6.4,C0555198,M00000101,2,0,DisGeNET,35,Malignant Glioma,,-6.4,11,8.7,30198,724,30,8,27,8.1,208|1385|1499|1523|3815|4320|4436|5595,AKT2|CREB1|CTNNB1|CUX1|KIT|MMP11|MSH2|MAPK3,-3.3,0
0,0,0,0,0,0,0,1,0,0,0,0,0,0,0,-6.3,C0152171,M00000001,1,0,DisGeNET,35,Idiopathic pulmonary hypertension,,-6.3,31,12,30198,161,30,5,17,6.8,1385|1499|4089|4436|5595,CREB1|CTNNB1|SMAD4|MSH2|MAPK3,-3.2,0
0,0,0,0,0,0,1,1,0,0,0,0,0,0,-2.4,-6.3,C0027831,M00000011,2,0,DisGeNET,35,Neurofibromatosis 1,,-6.3,19,10,30198,311,30,6,20,7.3,1385|1499|3815|4089|4436|5595,CREB1|CTNNB1|KIT|SMAD4|MSH2|MAPK3,-3.2,0
0,0,0,0,0,0,0,1,0,0,0,0,0,0,0,-6.1,C0346191,M00000001,1,0,DisGeNET,35,Carcinoma in situ of endometrium,,-6.1,1.7e+02,22,30198,18,30,3,10,5.5,1499|1523|4436,CTNNB1|CUX1|MSH2,-3.1,0
0,0,0,0,0,0,0,1,0,0,0,0,0,0,0,-6,C0017185,M00000001,1,0,DisGeNET,35,Gastrointestinal Neoplasms,,-6,28,11,30198,182,30,5,17,6.8,1385|1499|3815|4089|4436,CREB1|CTNNB1|KIT|SMAD4|MSH2,-3,0
0,0,0,0,0,0,0,1,0,0,0,0,0,0,0,-6,C0007112,M00000001,1,0,DisGeNET,35,Adenocarcinoma of prostate,,-6,18,9.8,30198,342,30,6,20,7.3,571|1499|1523|3815|4089|4436,BACH1|CTNNB1|CUX1|KIT|SMAD4|MSH2,-3,0
0,0,1,0,0,0,0,1,0,0,-3.4,0,0,0,0,-6,C4721806,M00100001,2,0,DisGeNET,35,"Carcinoma, Basal Cell",,-6,13,8.8,30198,557,30,7,23,7.7,208|1311|1499|4089|4320|4436|5595,AKT2|COMP|CTNNB1|SMAD4|MMP11|MSH2|MAPK3,-3,0
0,0,0,0,0,0,0,1,0,0,0,0,0,0,0,-6,C0334108,M00000001,1,0,DisGeNET,35,Multiple polyps,,-6,52,14,30198,77,30,4,13,6.2,1499|1523|4089|4436,CTNNB1|CUX1|SMAD4|MSH2,-3,0
0,0,0,0,0,0,0,1,0,0,0,0,0,0,0,-6,C0392784,M00000001,1,0,DisGeNET,35,Dermatofibrosarcoma Protuberans,,-6,52,14,30198,78,30,4,13,6.2,1499|3815|4320|4436,CTNNB1|KIT|MMP11|MSH2,-3,0
0,0,0,0,0,0,0,1,0,0,0,0,0,0,0,-5.9,C0027809,M00000001,1,0,DisGeNET,35,Neurilemmoma,,-5.9,26,11,30198,193,30,5,17,6.8,208|1499|1523|3815|5595,AKT2|CTNNB1|CUX1|KIT|MAPK3,-2.9,0
1,0,1,1,1,1,1,0,-5.9,0,-2.3,-3.3,-4.3,-2.8,-2.7,0,C4704874,M10111110,6,0,DisGeNET,35,"Mammary Carcinoma, Human",,-5.9,12,8.5,30198,545,32,7,22,7.3,2246|2920|3725|3845|7480|26508|28514,FGF1|CXCL2|JUN|KRAS|WNT10B|HEYL|DLL1,-2.9,0
1,0,0,0,0,0,0,1,-2.2,0,0,0,0,0,0,-5.8,C0279671,M10000001,2,0,DisGeNET,35,Cervical Squamous Cell Carcinoma,,-5.8,16,9.3,30198,371,30,6,20,7.3,208|1499|3489|3815|4089|5595,AKT2|CTNNB1|IGFBP6|KIT|SMAD4|MAPK3,-2.9,0
0,0,0,0,0,0,0,1,0,0,0,0,0,0,0,-5.8,C3272802,M00000001,1,0,DisGeNET,35,Hamartomatous polyposis,,-5.8,1.3e+02,20,30198,23,30,3,10,5.5,1311|1499|4089,COMP|CTNNB1|SMAD4,-2.9,0
0,0,0,0,0,0,0,1,0,0,0,0,0,0,0,-5.7,C0032580,M00000001,1,0,DisGeNET,35,Adenomatous Polyposis Coli,,-5.7,12,8.3,30198,609,30,7,23,7.7,1284|1499|3815|4040|4089|4436|5595,COL4A2|CTNNB1|KIT|LRP6|SMAD4|MSH2|MAPK3,-2.9,0
0,0,0,0,0,0,0,1,0,0,0,0,0,0,0,-5.7,C0730328,M00000001,1,0,DisGeNET,35,Central Serous Chorioretinopathy,,-5.7,24,11,30198,211,30,5,17,6.8,208|1499|3815|4320|5595,AKT2|CTNNB1|KIT|MMP11|MAPK3,-2.8,0
0,0,0,0,0,1,0,1,0,0,0,0,0,-2.3,0,-5.7,C0238461,M00000101,2,0,DisGeNET,35,Anaplastic thyroid carcinoma,,-5.7,15,9.1,30198,392,30,6,20,7.3,208|1499|3043|3815|4436|5595,AKT2|CTNNB1|HBB|KIT|MSH2|MAPK3,-2.8,0
1,0,0,0,0,0,0,1,-5.7,0,0,0,0,0,0,-3.6,C0027708,M10000001,2,0,DisGeNET,35,Nephroblastoma,,-5.7,11,8.2,30198,586,32,7,22,7.3,1959|2253|3845|6927|8788|10664|54361,EGR2|FGF8|KRAS|HNF1A|DLK1|CTCF|WNT4,-2.8,0
1,0,0,0,0,0,0,1,-4.2,0,0,0,0,0,0,-5.5,C0023267,M10000001,2,0,DisGeNET,35,Fibroid Tumor,,-5.5,15,8.8,30198,413,30,6,20,7.3,208|1499|1523|3815|4089|4436,AKT2|CTNNB1|CUX1|KIT|SMAD4|MSH2,-2.7,0
0,0,0,0,0,0,0,1,0,0,0,0,0,0,0,-5.5,C0496920,M00000001,1,0,DisGeNET,35,Neoplasm of uncertain or unknown behavior of ovary,,-5.5,1e+02,18,30198,29,30,3,10,5.5,208|1499|4436,AKT2|CTNNB1|MSH2,-2.7,0
0,0,0,0,0,0,0,1,0,0,0,0,0,0,0,-5.4,C0349579,M00000001,1,0,DisGeNET,35,Atypical Endometrial Hyperplasia,,-5.4,94,17,30198,32,30,3,10,5.5,1499|4089|4436,CTNNB1|SMAD4|MSH2,-2.6,0
0,0,0,0,0,0,0,1,0,0,0,0,0,0,0,-5.3,C0035369,M00000001,1,0,DisGeNET,35,Retroviridae Infections,,-5.3,36,12,30198,112,30,4,13,6.2,1499|3043|4089|4320,CTNNB1|HBB|SMAD4|MMP11,-2.5,0
0,0,0,0,0,0,0,1,0,0,0,0,0,0,0,-5.3,C0206647,M00000001,1,0,DisGeNET,35,Dermatofibrosarcoma,,-5.3,92,16,30198,33,30,3,10,5.5,1499|3815|4320,CTNNB1|KIT|MMP11,-2.5,0
1,0,0,0,0,0,0,1,-2.9,0,0,0,0,0,0,-5.3,C0206624,M10000001,2,0,DisGeNET,35,Hepatoblastoma,,-5.3,13,8.4,30198,452,30,6,20,7.3,208|1499|4089|4436|5595|6464,AKT2|CTNNB1|SMAD4|MSH2|MAPK3|SHC1,-2.5,0
0,0,0,0,0,0,0,1,0,0,0,0,0,0,0,-5.3,C0595989,M00000001,1,0,DisGeNET,35,Carcinoma of larynx,,-5.3,13,8.3,30198,456,30,6,20,7.3,1385|1499|1523|4320|4436|5595,CREB1|CTNNB1|CUX1|MMP11|MSH2|MAPK3,-2.5,0
0,0,0,0,0,0,0,1,0,0,0,0,0,0,0,-5.3,C0349566,M00000001,1,0,DisGeNET,35,Squamous cell carcinoma of tongue,,-5.3,13,8.2,30198,462,30,6,20,7.3,1499|1523|3815|4040|4436|5595,CTNNB1|CUX1|KIT|LRP6|MSH2|MAPK3,-2.5,0
0,0,0,0,0,0,0,1,0,0,0,0,0,0,0,-5.2,C0024305,M00000001,1,0,DisGeNET,35,"Lymphoma, Non-Hodgkin",,-5.2,9.6,7.4,30198,733,30,7,23,7.7,1499|1523|3043|3815|4436|5595|9774,CTNNB1|CUX1|HBB|KIT|MSH2|MAPK3|BCLAF1,-2.5,0
0,0,0,0,0,0,1,1,0,0,0,0,0,0,-2.9,-5.2,C0007113,M00000011,2,0,DisGeNET,35,Rectal Carcinoma,,-5.2,13,8.1,30198,472,30,6,20,7.3,1499|3815|4089|4320|4436|5595,CTNNB1|KIT|SMAD4|MMP11|MSH2|MAPK3,-2.5,0
0,0,0,0,0,1,0,1,0,0,0,0,0,-2.3,0,-5.2,C0521158,M00000101,2,0,DisGeNET,35,Recurrent tumor,,-5.2,9.6,7.4,30198,735,30,7,23,7.7,208|1499|3815|4089|4320|4436|5595,AKT2|CTNNB1|KIT|SMAD4|MMP11|MSH2|MAPK3,-2.5,0
0,0,0,0,0,0,0,1,0,0,0,0,0,0,0,-5.2,C0007095,M00000001,1,0,DisGeNET,35,Carcinoid Tumor,,-5.2,19,9.2,30198,267,30,5,17,6.8,1499|3815|4089|4436|5595,CTNNB1|KIT|SMAD4|MSH2|MAPK3,-2.5,0
0,0,0,0,0,0,0,1,0,0,0,0,0,0,0,-5.2,C0017181,M00000001,1,0,DisGeNET,35,Gastrointestinal Hemorrhage,,-5.2,33,11,30198,122,30,4,13,6.2,1499|3815|4089|4436,CTNNB1|KIT|SMAD4|MSH2,-2.5,0
0,0,0,0,0,0,0,1,0,0,0,0,0,0,0,-5.1,C2919945,M00000001,1,0,DisGeNET,35,Cavernous Hemangioma of Brain,,-5.1,32,11,30198,127,30,4,13,6.2,1284|1499|4436|5595,COL4A2|CTNNB1|MSH2|MAPK3,-2.4,0
1,0,1,1,1,0,0,0,-2.9,0,-5.1,-2.9,-2.5,0,0,0,C0027796,M10111000,4,0,DisGeNET,35,Neuralgia,,-5.1,12,7.8,30198,767,20,6,30,10,148|2246|2920|5179|6999|9127,ADRA1A|FGF1|CXCL2|PENK|TDO2|P2RX6,-2.4,0
0,0,0,0,0,0,0,1,0,0,0,0,0,0,0,-5.1,C0233794,M00000001,1,0,DisGeNET,35,Memory impairment,,-5.1,9.2,7.3,30198,763,30,7,23,7.7,208|1385|1499|1523|4436|5595|5966,AKT2|CREB1|CTNNB1|CUX1|MSH2|MAPK3|REL,-2.4,0
0,0,0,0,0,0,0,1,0,0,0,0,0,0,0,-5.1,C0001815,M00000001,1,0,DisGeNET,35,Primary Myelofibrosis,,-5.1,18,9,30198,282,30,5,17,6.8,1499|1523|3815|4616|5595,CTNNB1|CUX1|KIT|GADD45B|MAPK3,-2.4,0
1,0,0,0,0,0,0,1,-3.9,0,0,0,0,0,0,-5.1,C1449563,M10000001,2,0,DisGeNET,35,"Cardiomyopathy, Familial Idiopathic",,-5.1,9.1,7.2,30198,772,30,7,23,7.7,208|1311|1499|3815|4040|4089|5595,AKT2|COMP|CTNNB1|KIT|LRP6|SMAD4|MAPK3,-2.4,0
0,0,0,0,0,0,0,1,0,0,0,0,0,0,0,-5,C0151779,M00000001,1,0,DisGeNET,35,Cutaneous Melanoma,,-5,12,7.8,30198,507,30,6,20,7.3,1385|1499|1523|3815|4436|5595,CREB1|CTNNB1|CUX1|KIT|MSH2|MAPK3,-2.4,0
0,0,0,0,0,0,0,1,0,0,0,0,0,0,0,-5,C0032463,M00000001,1,0,DisGeNET,35,Polycythemia Vera,,-5,17,8.8,30198,291,30,5,17,6.8,1499|3043|3815|4089|5595,CTNNB1|HBB|KIT|SMAD4|MAPK3,-2.4,0
0,0,0,0,0,0,0,1,0,0,0,0,0,0,0,-5,C4744564,M00000001,1,0,DisGeNET,35,Metastatic Colorectal Carcinoma,,-5,72,14,30198,42,30,3,10,5.5,208|1499|4089,AKT2|CTNNB1|SMAD4,-2.3,0
0,0,0,0,0,0,1,1,0,0,0,0,0,0,-2.5,-4.9,C0000737,M00000011,2,0,DisGeNET,35,Abdominal Pain,,-4.9,17,8.6,30198,302,30,5,17,6.8,1499|3043|3815|4089|4436,CTNNB1|HBB|KIT|SMAD4|MSH2,-2.3,0
0,0,1,0,0,0,0,0,0,0,-4.9,0,0,0,0,0,C3496069,M00100000,1,0,DisGeNET,35,cocaine use,,-4.9,68,14,30198,67,20,3,15,8,148|5179|6722,ADRA1A|PENK|SRF,-2.3,0
0,0,0,0,0,0,1,0,0,0,0,0,0,0,-4.9,0,C0017178,M00000010,1,0,DisGeNET,35,Gastrointestinal Diseases,,-4.9,28,10,30198,144,30,4,13,6.2,2295|3845|4680|6532,FOXF2|KRAS|CEACAM6|SLC6A4,-2.3,0
1,0,1,0,1,0,1,1,-3.6,0,-2.3,0,-3,0,-2.7,-4.9,C0002793,M10101011,5,0,DisGeNET,35,Anaplasia,,-4.9,11,7.5,30198,538,30,6,20,7.3,1311|1499|3815|4040|4089|5595,COMP|CTNNB1|KIT|LRP6|SMAD4|MAPK3,-2.3,0
0,0,0,0,0,0,0,1,0,0,0,0,0,0,0,-4.9,C0029925,M00000001,1,0,DisGeNET,35,Ovarian Carcinoma,,-4.9,11,7.5,30198,539,30,6,20,7.3,208|1499|3815|4089|4436|5595,AKT2|CTNNB1|KIT|SMAD4|MSH2|MAPK3,-2.3,0
0,0,0,0,0,0,0,1,0,0,0,0,0,0,0,-4.9,C0677898,M00000001,1,0,DisGeNET,35,invasive cancer,,-4.9,28,10,30198,146,30,4,13,6.2,1499|4089|4320|4436,CTNNB1|SMAD4|MMP11|MSH2,-2.3,0
0,0,0,0,0,0,0,1,0,0,0,0,0,0,0,-4.9,C0023493,M00000001,1,0,DisGeNET,35,Adult T-Cell Lymphoma/Leukemia,,-4.9,11,7.5,30198,540,30,6,20,7.3,1385|1499|1523|3815|4436|5966,CREB1|CTNNB1|CUX1|KIT|MSH2|REL,-2.3,0
0,0,0,0,0,0,0,1,0,0,0,0,0,0,0,-4.8,C0035288,M00000001,1,0,DisGeNET,35,"Reticuloendotheliosis, X-linked",,-4.8,63,14,30198,48,30,3,10,5.5,1523|4436|5966,CUX1|MSH2|REL,-2.2,0
0,0,0,0,0,0,0,1,0,0,0,0,0,0,0,-4.8,C0544886,M00000001,1,0,DisGeNET,35,Somatic mutation,,-4.8,27,10,30198,151,30,4,13,6.2,1385|1499|3815|4089,CREB1|CTNNB1|KIT|SMAD4,-2.2,0
0,0,0,0,0,0,0,1,0,0,0,0,0,0,0,-4.8,C0206694,M00000001,1,0,DisGeNET,35,Mucoepidermoid Carcinoma,,-4.8,26,9.9,30198,153,30,4,13,6.2,1385|1499|3815|5595,CREB1|CTNNB1|KIT|MAPK3,-2.2,0
0,0,0,0,0,0,0,1,0,0,0,0,0,0,0,-4.8,C0341858,M00000001,1,0,DisGeNET,35,Endometriosis of uterus,,-4.8,26,9.9,30198,154,30,4,13,6.2,1499|1523|4436|5595,CTNNB1|CUX1|MSH2|MAPK3,-2.2,0
0,0,0,0,0,0,0,1,0,0,0,0,0,0,0,-4.8,C3160815,M00000001,1,0,DisGeNET,35,Intraductal papillary mucinous neoplasm,,-4.8,60,13,30198,50,30,3,10,5.5,1499|4089|4436,CTNNB1|SMAD4|MSH2,-2.2,0
1,0,0,0,1,0,1,0,-4.8,0,0,0,-3,0,-2.8,0,C1257931,M10001010,3,0,DisGeNET,35,"Mammary Neoplasms, Human",,-4.8,11,7.3,30198,527,32,6,19,6.9,2920|3725|3845|7480|26508|28514,CXCL2|JUN|KRAS|WNT10B|HEYL|DLL1,-2.2,0
0,0,0,0,0,0,0,1,0,0,0,0,0,0,0,-4.8,C0035412,M00000001,1,0,DisGeNET,35,Rhabdomyosarcoma,,-4.8,11,7.3,30198,565,30,6,20,7.3,1499|3489|3815|4089|4436|5595,CTNNB1|IGFBP6|KIT|SMAD4|MSH2|MAPK3,-2.2,0
0,0,0,0,0,0,0,1,0,0,0,0,0,0,0,-4.7,C0206651,M00000001,1,0,DisGeNET,35,Clear Cell Sarcoma of Soft Tissue,,-4.7,59,13,30198,51,30,3,10,5.5,1385|3815|4436,CREB1|KIT|MSH2,-2.2,0
1,0,0,0,0,0,0,0,-4.7,0,0,0,0,0,0,0,C0149630,M10000000,1,0,DisGeNET,35,Bicuspid aortic valve,,-4.7,25,9.5,30198,154,32,4,12,5.8,1959|2253|3725|5307,EGR2|FGF8|JUN|PITX1,-2.1,0
0,0,0,0,0,0,1,0,0,0,0,0,0,0,-4.7,0,C3489413,M00000010,1,0,DisGeNET,35,"Lipomatosis, Multiple",,-4.7,56,13,30198,54,30,3,10,5.5,1311|3845|116135,COMP|KRAS|LRRC3B,-2.1,0
1,0,0,0,1,0,1,0,-2.9,0,0,0,-4.7,0,-2,0,C2145472,M10001010,3,0,DisGeNET,35,Urothelial Carcinoma,,-4.7,22,9.1,30198,449,12,4,33,14,2002|3845|8840|28514,ELK1|KRAS|CCN4|DLL1,-2.1,0
0,0,0,0,0,0,0,1,0,0,0,0,0,0,0,-4.6,C0007107,M00000001,1,0,DisGeNET,35,Malignant neoplasm of larynx,,-4.6,14,8,30198,349,30,5,17,6.8,1385|1499|4320|4436|5595,CREB1|CTNNB1|MMP11|MSH2|MAPK3,-2.1,0
1,0,0,0,0,0,0,0,-4.6,0,0,0,0,0,0,0,C0023480,M10000000,1,0,DisGeNET,35,"Leukemia, Myelomonocytic, Chronic",,-4.6,24,9.4,30198,158,32,4,12,5.8,1959|3725|3845|28514,EGR2|JUN|KRAS|DLL1,-2.1,0
0,0,0,0,0,0,0,1,0,0,0,0,0,0,0,-4.6,C1512127,M00000001,1,0,DisGeNET,35,HER2 gene amplification,,-4.6,24,9.4,30198,170,30,4,13,6.2,1499|3815|5595|6464,CTNNB1|KIT|MAPK3|SHC1,-2.1,0
0,0,0,0,0,0,0,1,0,0,0,0,0,0,0,-4.6,C0029458,M00000001,1,0,DisGeNET,35,"Osteoporosis, Postmenopausal",,-4.6,24,9.3,30198,171,30,4,13,6.2,1499|4089|5595|5966,CTNNB1|SMAD4|MAPK3|REL,-2.1,0
1,0,0,0,0,0,0,0,-4.6,0,0,0,0,0,0,0,C0000846,M10000000,1,0,DisGeNET,35,Agenesis,,-4.6,23,9.3,30198,161,32,4,12,5.8,5021|7480|10664|54361,OXTR|WNT10B|CTCF|WNT4,-2.1,0
0,0,0,0,0,0,0,1,0,0,0,0,0,0,0,-4.6,C3469521,M00000001,1,0,DisGeNET,35,"FANCONI ANEMIA, COMPLEMENTATION GROUP A (disorder)",,-4.6,14,7.8,30198,359,30,5,17,6.8,571|1499|3815|4089|4436,BACH1|CTNNB1|KIT|SMAD4|MSH2,-2.1,0
0,0,0,0,0,0,0,1,0,0,0,0,0,0,0,-4.6,C1266119,M00000001,1,0,DisGeNET,35,Solitary fibrous tumor,,-4.6,52,12,30198,58,30,3,10,5.5,1499|3815|5595,CTNNB1|KIT|MAPK3,-2.1,0
0,0,0,0,0,0,0,1,0,0,0,0,0,0,0,-4.6,C0037286,M00000001,1,0,DisGeNET,35,Skin Neoplasms,,-4.6,14,7.8,30198,363,30,5,17,6.8,208|1499|3815|4320|4436,AKT2|CTNNB1|KIT|MMP11|MSH2,-2,0
0,0,0,0,0,0,0,1,0,0,0,0,0,0,0,-4.6,C0027022,M00000001,1,0,DisGeNET,35,Myeloproliferative disease,,-4.6,14,7.8,30198,365,30,5,17,6.8,1385|1499|1523|3815|5966,CREB1|CTNNB1|CUX1|KIT|REL,-2,0
0,0,0,0,0,0,0,1,0,0,0,0,0,0,0,-4.5,C0021841,M00000001,1,0,DisGeNET,35,Intestinal Neoplasms,,-4.5,22,9,30198,182,30,4,13,6.2,1499|3815|4436|5595,CTNNB1|KIT|MSH2|MAPK3,-2,0
0,0,0,0,0,0,0,1,0,0,0,0,0,0,0,-4.5,C0028880,M00000001,1,0,DisGeNET,35,Odontogenic Tumors,,-4.5,49,12,30198,62,30,3,10,5.5,1499|4436|5595,CTNNB1|MSH2|MAPK3,-2,0
0,0,0,0,0,1,0,1,0,0,0,0,0,-2.6,0,-4.5,C0025286,M00000101,2,0,DisGeNET,35,Meningioma,,-4.5,9.5,6.8,30198,634,30,6,20,7.3,1499|3489|4089|4320|4436|5595,CTNNB1|IGFBP6|SMAD4|MMP11|MSH2|MAPK3,-2,0
0,0,1,1,1,0,1,1,0,0,-4.1,-4.5,-2.6,0,-4.3,-2.3,C0024115,M00111011,5,0,DisGeNET,35,Lung diseases,,-4.5,19,8.4,30198,700,9,4,44,17,2920|9127|51176|85480,CXCL2|P2RX6|LEF1|TSLP,-2,0
0,0,0,0,0,0,0,1,0,0,0,0,0,0,0,-4.5,C0026277,M00000001,1,0,DisGeNET,35,Mixed Salivary Gland Tumor,,-4.5,22,8.9,30198,185,30,4,13,6.2,1499|3815|4089|4436,CTNNB1|KIT|SMAD4|MSH2,-2,0
1,0,0,0,0,0,1,1,-2.1,0,0,0,0,0,-2.2,-4.5,C0149521,M10000011,3,0,DisGeNET,35,"Pancreatitis, Chronic",,-4.5,13,7.6,30198,379,30,5,17,6.8,1311|1499|1523|4089|4800,COMP|CTNNB1|CUX1|SMAD4|NFYA,-2,0
1,0,0,0,0,0,1,0,-3,0,0,0,0,0,-4.5,0,C0410528,M10000010,2,0,DisGeNET,35,Skeletal dysplasia,,-4.5,22,8.9,30198,186,30,4,13,6.2,1300|1311|2253|3845,COL10A1|COMP|FGF8|KRAS,-2,0
0,0,1,0,1,0,0,0,0,0,-3.5,0,-4.5,0,0,0,C0280324,M00101000,2,0,DisGeNET,35,Laryngeal Squamous Cell Carcinoma,,-4.5,20,8.6,30198,504,12,4,33,14,2246|2920|3845|8840,FGF1|CXCL2|KRAS|CCN4,-2,0
0,0,0,0,0,0,1,0,0,0,0,0,0,0,-4.5,0,C0432215,M00000010,1,0,DisGeNET,35,Progressive pseudorheumatoid dysplasia,,-4.5,47,12,30198,64,30,3,10,5.5,1300|5021|6532,COL10A1|OXTR|SLC6A4,-2,0
0,0,1,0,1,0,0,1,0,0,-2.1,0,-2.7,0,0,-4.4,C0019348,M00101001,3,0,DisGeNET,35,Herpes Simplex Infections,,-4.4,9.4,6.8,30198,645,30,6,20,7.3,1499|3043|4089|4436|4800|9774,CTNNB1|HBB|SMAD4|MSH2|NFYA|BCLAF1,-2,0
1,0,0,0,0,0,0,1,-3,0,0,0,0,0,0,-4.4,C1654637,M10000001,2,0,DisGeNET,35,androgen independent prostate cancer,,-4.4,21,8.8,30198,190,30,4,13,6.2,208|1499|3489|5595,AKT2|CTNNB1|IGFBP6|MAPK3,-2,0
0,0,0,0,0,0,0,1,0,0,0,0,0,0,0,-4.4,C4722099,M00000001,1,0,DisGeNET,35,High grade glioma,,-4.4,21,8.8,30198,190,30,4,13,6.2,208|1499|1523|5595,AKT2|CTNNB1|CUX1|MAPK3,-2,0
0,0,0,0,0,0,0,1,0,0,0,0,0,0,0,-4.4,C0032584,M00000001,1,0,DisGeNET,35,polyps,,-4.4,13,7.5,30198,390,30,5,17,6.8,1499|3815|4089|4436|5595,CTNNB1|KIT|SMAD4|MSH2|MAPK3,-2,0
0,0,0,0,0,0,0,1,0,0,0,0,0,0,0,-4.4,C0220650,M00000001,1,0,DisGeNET,35,Metastatic malignant neoplasm to brain,,-4.4,13,7.4,30198,392,30,5,17,6.8,1385|1499|3489|3815|4436,CREB1|CTNNB1|IGFBP6|KIT|MSH2,-2,0
0,0,0,0,0,0,0,1,0,0,0,0,0,0,0,-4.4,C0015625,M00000001,1,0,DisGeNET,35,Fanconi Anemia,,-4.4,13,7.4,30198,393,30,5,17,6.8,571|1499|3815|4089|4436,BACH1|CTNNB1|KIT|SMAD4|MSH2,-2,0
0,0,0,0,0,0,0,1,0,0,0,0,0,0,0,-4.4,C0220597,M00000001,1,0,DisGeNET,35,Adult Hodgkin Lymphoma,,-4.4,13,7.4,30198,399,30,5,17,6.8,1499|3043|3815|5595|5966,CTNNB1|HBB|KIT|MAPK3|REL,-1.9,0
0,0,0,0,0,0,0,1,0,0,0,0,0,0,0,-4.4,C0220644,M00000001,1,0,DisGeNET,35,Childhood Hodgkin Lymphoma,,-4.4,13,7.4,30198,399,30,5,17,6.8,1499|3043|3815|5595|5966,CTNNB1|HBB|KIT|MAPK3|REL,-1.9,0
0,0,0,0,0,0,1,1,0,0,0,0,0,0,-2.4,-4.4,C0149782,M00000011,2,0,DisGeNET,35,Squamous cell carcinoma of lung,,-4.4,9,6.6,30198,670,30,6,20,7.3,1499|3815|4040|4089|4436|5595,CTNNB1|KIT|LRP6|SMAD4|MSH2|MAPK3,-1.9,0
1,0,0,0,1,0,0,0,-3,0,0,0,-4.3,0,0,0,C0265219,M10001000,2,0,DisGeNET,35,Miller Dieker syndrome,,-4.3,41,11,30198,182,12,3,25,12,2246|3845|28514,FGF1|KRAS|DLL1,-1.9,0
0,0,0,0,0,0,0,1,0,0,0,0,0,0,0,-4.3,C0338106,M00000001,1,0,DisGeNET,35,Adenocarcinoma of colon,,-4.3,12,7.3,30198,406,30,5,17,6.8,1499|4089|4320|4436|5595,CTNNB1|SMAD4|MMP11|MSH2|MAPK3,-1.9,0
0,0,0,0,0,0,0,1,0,0,0,0,0,0,0,-4.3,C0343284,M00000001,1,0,DisGeNET,35,Chondrodysplasia,,-4.3,43,11,30198,71,30,3,10,5.5,1311|1499|4089,COMP|CTNNB1|SMAD4,-1.9,0
0,0,0,0,0,0,0,1,0,0,0,0,0,0,0,-4.3,C0007785,M00000001,1,0,DisGeNET,35,Cerebral Infarction,,-4.3,8.8,6.5,30198,687,30,6,20,7.3,1284|1385|1499|1523|4616|5595,COL4A2|CREB1|CTNNB1|CUX1|GADD45B|MAPK3,-1.9,0
0,0,0,0,0,0,0,1,0,0,0,0,0,0,0,-4.3,C1134719,M00000001,1,0,DisGeNET,35,Invasive Ductal Breast Carcinoma,,-4.3,12,7.2,30198,414,30,5,17,6.8,1499|3815|4089|4320|4436,CTNNB1|KIT|SMAD4|MMP11|MSH2,-1.9,0
1,0,0,0,0,0,1,0,-2.9,0,0,0,0,0,-4.3,0,C0029422,M10000010,2,0,DisGeNET,35,Osteochondrodysplasias,,-4.3,19,8.4,30198,207,30,4,13,6.2,1300|1311|2253|3845,COL10A1|COMP|FGF8|KRAS,-1.9,0
0,0,1,0,0,0,1,0,0,0,-3.5,0,0,0,-4.3,0,C0150055,M00100010,2,0,DisGeNET,35,Chronic pain,,-4.3,19,8.4,30198,207,30,4,13,6.2,5021|5179|6532|9127,OXTR|PENK|SLC6A4|P2RX6,-1.9,0
1,0,0,0,0,0,0,0,-4.3,0,0,0,0,0,0,0,C0020757,M10000000,1,0,DisGeNET,35,Ichthyoses,,-4.3,19,8.4,30198,194,32,4,12,5.8,2253|3725|3845|8630,FGF8|JUN|KRAS|HSD17B6,-1.9,0
1,0,0,0,0,0,0,0,-4.3,0,0,0,0,0,0,0,C1961099,M10000000,1,0,DisGeNET,35,Precursor T-Cell Lymphoblastic Leukemia-Lymphoma,,-4.3,8.8,6.5,30198,644,32,6,19,6.9,3725|3845|5307|6927|10664|28514,JUN|KRAS|PITX1|HNF1A|CTCF|DLL1,-1.9,0
0,0,0,0,0,0,0,1,0,0,0,0,0,0,0,-4.3,C3272841,M00000001,1,0,DisGeNET,35,MUTYH-Associate Polyposis,,-4.3,41,11,30198,73,30,3,10,5.5,1499|4436|5595,CTNNB1|MSH2|MAPK3,-1.9,0
0,0,0,0,0,0,0,1,0,0,0,0,0,0,0,-4.3,C0685938,M00000001,1,0,DisGeNET,35,Malignant neoplasm of gastrointestinal tract,,-4.3,12,7.1,30198,423,30,5,17,6.8,1499|1523|4089|4436|5595,CTNNB1|CUX1|SMAD4|MSH2|MAPK3,-1.9,0
0,0,0,0,0,0,0,1,0,0,0,0,0,0,0,-4.2,C0153452,M00000001,1,0,DisGeNET,35,Malignant neoplasm of gallbladder,,-4.2,12,7.1,30198,425,30,5,17,6.8,208|1499|4089|4436|5595,AKT2|CTNNB1|SMAD4|MSH2|MAPK3,-1.9,0
0,0,0,0,0,0,0,1,0,0,0,0,0,0,0,-4.2,C0542476,M00000001,1,0,DisGeNET,35,Forgetful,,-4.2,12,7.1,30198,429,30,5,17,6.8,208|1385|1499|4436|5595,AKT2|CREB1|CTNNB1|MSH2|MAPK3,-1.8,0
0,0,0,0,0,0,0,1,0,0,0,0,0,0,0,-4.2,C3693482,M00000001,1,0,DisGeNET,35,Giant Cell Fibroblastoma,,-4.2,39,11,30198,77,30,3,10,5.5,1499|3815|4436,CTNNB1|KIT|MSH2,-1.8,0
1,0,0,0,0,0,0,0,-4.2,0,0,0,0,0,0,0,C0242343,M10000000,1,0,DisGeNET,35,Panhypopituitarism,,-4.2,39,11,30198,73,32,3,9.4,5.2,2253|6927|28514,FGF8|HNF1A|DLL1,-1.8,0
0,0,0,0,0,0,0,1,0,0,0,0,0,0,0,-4.2,C0030186,M00000001,1,0,DisGeNET,35,Paget Disease Extramammary,,-4.2,38,10,30198,79,30,3,10,5.5,1499|4436|5595,CTNNB1|MSH2|MAPK3,-1.8,0
0,0,0,0,0,0,1,0,0,0,0,0,0,0,-4.1,0,C0524662,M00000010,1,0,DisGeNET,35,Opiate Addiction,,-4.1,37,10,30198,81,30,3,10,5.5,1066|5179|6532,CES1|PENK|SLC6A4,-1.8,0
0,0,0,0,0,1,1,1,0,0,0,0,0,-2.4,-2.2,-4.1,C0220641,M00000111,3,0,DisGeNET,35,Lip and Oral Cavity Carcinoma,,-4.1,8.2,6.3,30198,734,30,6,20,7.3,1499|3043|4089|4320|4436|5595,CTNNB1|HBB|SMAD4|MMP11|MSH2|MAPK3,-1.8,0
0,0,0,0,0,0,0,1,0,0,0,0,0,0,0,-4.1,C4523846,M00000001,1,0,DisGeNET,35,MSI-high,,-4.1,36,10,30198,83,30,3,10,5.5,1499|4089|4436,CTNNB1|SMAD4|MSH2,-1.8,0
0,0,0,0,0,1,1,1,0,0,0,0,0,-2.1,-3,-4.1,C0278701,M00000111,3,0,DisGeNET,35,Gastric Adenocarcinoma,,-4.1,11,6.8,30198,453,30,5,17,6.8,1499|3489|3815|4089|4320,CTNNB1|IGFBP6|KIT|SMAD4|MMP11,-1.8,0
1,0,0,0,1,0,0,0,-2.4,0,0,0,-4.1,0,0,0,C0007138,M10001000,2,0,DisGeNET,35,"Carcinoma, Transitional Cell",,-4.1,16,7.6,30198,623,12,4,33,14,2002|3845|8840|28514,ELK1|KRAS|CCN4|DLL1,-1.8,0
0,0,0,0,0,0,0,1,0,0,0,0,0,0,0,-4.1,C1857108,M00000001,1,0,DisGeNET,35,Limitation of joint mobility,,-4.1,36,10,30198,84,30,3,10,5.5,1311|1499|4089,COMP|CTNNB1|SMAD4,-1.8,0
0,0,0,0,0,0,0,1,0,0,0,0,0,0,0,-4.1,C4511687,M00000001,1,0,DisGeNET,35,Pancreatic Intraductal Papillary Mucinous Neoplasm,,-4.1,36,10,30198,84,30,3,10,5.5,1499|4089|4436,CTNNB1|SMAD4|MSH2,-1.8,0
0,0,0,0,0,0,0,1,0,0,0,0,0,0,0,-4.1,C0017661,M00000001,1,0,DisGeNET,35,IGA Glomerulonephritis,,-4.1,11,6.8,30198,456,30,5,17,6.8,571|1284|1499|4089|5595,BACH1|COL4A2|CTNNB1|SMAD4|MAPK3,-1.8,0
1,0,0,0,0,0,0,0,-4.1,0,0,0,0,0,0,0,C1839767,M10000000,1,0,DisGeNET,35,Tented upper lip vermilion,,-4.1,36,10,30198,79,32,3,9.4,5.2,2253|3845|28514,FGF8|KRAS|DLL1,-1.8,0
1,0,0,0,0,0,0,1,-2.9,0,0,0,0,0,0,-4.1,C0023492,M10000001,2,0,DisGeNET,35,"Leukemia, T-Cell",,-4.1,11,6.8,30198,457,30,5,17,6.8,1385|1499|1523|4436|5595,CREB1|CTNNB1|CUX1|MSH2|MAPK3,-1.8,0
0,0,0,0,0,0,0,1,0,0,0,0,0,0,0,-4.1,C0238790,M00000001,1,0,DisGeNET,35,bone destruction,,-4.1,17,7.8,30198,234,30,4,13,6.2,571|1523|4040|5595,BACH1|CUX1|LRP6|MAPK3,-1.8,0
0,0,0,0,0,0,0,1,0,0,0,0,0,0,0,-4.1,C2347748,M00000001,1,0,DisGeNET,35,Adult Erythroleukemia,,-4.1,17,7.8,30198,236,30,4,13,6.2,1499|3043|3815|5595,CTNNB1|HBB|KIT|MAPK3,-1.8,0
0,0,0,0,0,0,0,1,0,0,0,0,0,0,0,-4.1,C0033581,M00000001,1,0,DisGeNET,35,prostatitis,,-4.1,35,10,30198,86,30,3,10,5.5,1499|4089|5595,CTNNB1|SMAD4|MAPK3,-1.8,0
0,0,0,0,0,0,0,1,0,0,0,0,0,0,0,-4.1,C0879615,M00000001,1,0,DisGeNET,35,Stromal Neoplasm,,-4.1,35,10,30198,86,30,3,10,5.5,1499|3815|4089,CTNNB1|KIT|SMAD4,-1.8,0
0,0,0,0,1,1,1,1,0,0,0,0,-2.5,-2.3,-3.1,-4.1,C0153381,M00001111,4,0,DisGeNET,35,Malignant neoplasm of mouth,,-4.1,8,6.1,30198,756,30,6,20,7.3,1499|3043|4089|4320|4436|5595,CTNNB1|HBB|SMAD4|MMP11|MSH2|MAPK3,-1.8,0
0,0,0,0,0,0,0,1,0,0,0,0,0,0,0,-4.1,C4520840,M00000001,1,0,DisGeNET,35,Erythroleukemia (Erythroid/Myeloid),,-4.1,17,7.8,30198,237,30,4,13,6.2,1499|3043|3815|5595,CTNNB1|HBB|KIT|MAPK3,-1.8,0
0,0,0,0,0,0,1,0,0,0,0,0,0,0,-4.1,0,C0023798,M00000010,1,0,DisGeNET,35,Lipoma,,-4.1,35,9.9,30198,87,30,3,10,5.5,1311|3845|116135,COMP|KRAS|LRRC3B,-1.7,0
0,0,0,0,0,0,0,1,0,0,0,0,0,0,0,-4,C0024523,M00000001,1,0,DisGeNET,35,Malabsorption Syndrome,,-4,17,7.8,30198,239,30,4,13,6.2,1499|3043|3815|4436,CTNNB1|HBB|KIT|MSH2,-1.7,0
1,0,0,0,0,0,0,0,-4,0,0,0,0,0,0,0,C0267963,M10000000,1,0,DisGeNET,35,Exocrine pancreatic insufficiency,,-4,35,9.9,30198,82,32,3,9.4,5.2,3845|6927|8630,KRAS|HNF1A|HSD17B6,-1.7,0
0,0,0,0,0,0,0,1,0,0,0,0,0,0,0,-4,C0030297,M00000001,1,0,DisGeNET,35,Pancreatic Neoplasm,,-4,7.9,6.1,30198,764,30,6,20,7.3,208|1499|3815|4089|4436|5595,AKT2|CTNNB1|KIT|SMAD4|MSH2|MAPK3,-1.7,0
0,0,0,0,0,0,0,1,0,0,0,0,0,0,0,-4,C0027672,M00000001,1,0,DisGeNET,35,"Neoplastic Syndromes, Hereditary",,-4,34,9.9,30198,88,30,3,10,5.5,1499|4089|4436,CTNNB1|SMAD4|MSH2,-1.7,0
0,0,0,0,0,0,0,1,0,0,0,0,0,0,0,-4,C0282193,M00000001,1,0,DisGeNET,35,Iron Overload,,-4,17,7.7,30198,241,30,4,13,6.2,1385|1499|3043|4089,CREB1|CTNNB1|HBB|SMAD4,-1.7,0
1,0,0,0,0,0,1,1,-2.1,0,0,0,0,0,-3,-4,C3203102,M10000011,3,0,DisGeNET,35,Idiopathic pulmonary arterial hypertension,,-4,7.8,6,30198,776,30,6,20,7.3,1385|1499|3043|4089|4436|5595,CREB1|CTNNB1|HBB|SMAD4|MSH2|MAPK3,-1.7,0
0,0,0,0,0,0,0,1,0,0,0,0,0,0,0,-4,C1265996,M00000001,1,0,DisGeNET,35,Large cell neuroendocrine carcinoma,,-4,33,9.7,30198,91,30,3,10,5.5,208|1499|3815,AKT2|CTNNB1|KIT,-1.7,0
0,0,0,0,0,0,1,0,0,0,0,0,0,0,-4,0,C0280781,M00000010,1,0,DisGeNET,35,Adult Pilocytic Astrocytoma,,-4,33,9.6,30198,92,30,3,10,5.5,3845|23493|168002,KRAS|HEY2|DACT2,-1.7,0
1,0,0,0,0,0,0,0,-4,0,0,0,0,0,0,0,C0005398,M10000000,1,0,DisGeNET,35,"Cholestasis, Extrahepatic",,-4,33,9.6,30198,87,32,3,9.4,5.2,3725|3845|6927,JUN|KRAS|HNF1A,-1.7,0
0,0,0,0,0,0,0,1,0,0,0,0,0,0,0,-4,C0007124,M00000001,1,0,DisGeNET,35,Noninfiltrating Intraductal Carcinoma,,-4,10,6.6,30198,486,30,5,17,6.8,1499|3815|4089|4320|5595,CTNNB1|KIT|SMAD4|MMP11|MAPK3,-1.7,0
0,0,0,0,0,0,0,1,0,0,0,0,0,0,0,-4,C0036220,M00000001,1,0,DisGeNET,35,Kaposi Sarcoma,,-4,10,6.5,30198,488,30,5,17,6.8,1385|1499|3815|4616|5966,CREB1|CTNNB1|KIT|GADD45B|REL,-1.7,0
0,0,0,0,0,0,0,1,0,0,0,0,0,0,0,-4,C0007140,M00000001,1,0,DisGeNET,35,Carcinosarcoma,,-4,32,9.5,30198,94,30,3,10,5.5,1499|3815|4436,CTNNB1|KIT|MSH2,-1.7,0
0,0,0,0,0,0,0,1,0,0,0,0,0,0,0,-3.9,C0206754,M00000001,1,0,DisGeNET,35,Neuroendocrine Tumors,,-3.9,10,6.5,30198,491,30,5,17,6.8,208|1385|1499|3815|4089,AKT2|CREB1|CTNNB1|KIT|SMAD4,-1.7,0
0,0,0,0,0,0,0,1,0,0,0,0,0,0,0,-3.9,C0018939,M00000001,1,0,DisGeNET,35,Hematological Disease,,-3.9,16,7.5,30198,255,30,4,13,6.2,1499|3043|3815|4436,CTNNB1|HBB|KIT|MSH2,-1.7,0
1,0,0,0,0,0,1,0,-2.6,0,0,0,0,0,-3.9,0,C0242350,M10000010,2,0,DisGeNET,35,Erectile dysfunction,,-3.9,16,7.5,30198,256,30,4,13,6.2,1311|2253|5021|11082,COMP|FGF8|OXTR|ESM1,-1.7,0
0,0,0,0,0,0,0,1,0,0,0,0,0,0,0,-3.9,C0027498,M00000001,1,0,DisGeNET,35,Nausea and vomiting,,-3.9,16,7.4,30198,257,30,4,13,6.2,1499|3815|4089|4436,CTNNB1|KIT|SMAD4|MSH2,-1.7,0
1,0,0,0,0,0,0,1,-2.6,0,0,0,0,0,0,-3.9,C0021670,M10000001,2,0,DisGeNET,35,insulinoma,,-3.9,16,7.4,30198,258,30,4,13,6.2,1499|1523|4089|5595,CTNNB1|CUX1|SMAD4|MAPK3,-1.7,0
0,0,0,0,0,0,0,1,0,0,0,0,0,0,0,-3.9,C0235782,M00000001,1,0,DisGeNET,35,Gallbladder Carcinoma,,-3.9,10,6.5,30198,498,30,5,17,6.8,208|1499|4089|4436|5595,AKT2|CTNNB1|SMAD4|MSH2|MAPK3,-1.7,0
0,0,0,0,0,0,1,0,0,0,0,0,0,0,-3.9,0,C1332995,M00000010,1,0,DisGeNET,35,Childhood Pilocytic Astrocytoma,,-3.9,31,9.4,30198,97,30,3,10,5.5,3845|23493|168002,KRAS|HEY2|DACT2,-1.7,0
0,0,0,0,0,0,0,1,0,0,0,0,0,0,0,-3.9,C0276496,M00000001,1,0,DisGeNET,35,Familial Alzheimer Disease (FAD),,-3.9,15,7.4,30198,260,30,4,13,6.2,208|1385|1499|5595,AKT2|CREB1|CTNNB1|MAPK3,-1.7,0
0,0,0,0,0,0,0,1,0,0,0,0,0,0,0,-3.9,C2931852,M00000001,1,0,DisGeNET,35,Clear-cell metastatic renal cell carcinoma,,-3.9,15,7.4,30198,260,30,4,13,6.2,1499|1523|3815|5595,CTNNB1|CUX1|KIT|MAPK3,-1.7,0
0,0,0,0,0,0,0,1,0,0,0,0,0,0,0,-3.9,C0038525,M00000001,1,0,DisGeNET,35,Subarachnoid Hemorrhage,,-3.9,10,6.4,30198,501,30,5,17,6.8,208|1284|1499|4089|5595,AKT2|COL4A2|CTNNB1|SMAD4|MAPK3,-1.7,0
1,0,0,0,0,0,1,0,-3.9,0,0,0,0,0,-2.9,0,C0279628,M10000010,2,0,DisGeNET,35,Adenocarcinoma Of Esophagus,,-3.9,10,6.4,30198,468,32,5,16,6.4,2246|3845|5021|5307|6927,FGF1|KRAS|OXTR|PITX1|HNF1A,-1.7,0
0,0,0,0,0,0,0,1,0,0,0,0,0,0,0,-3.9,C0751690,M00000001,1,0,DisGeNET,35,Malignant Peripheral Nerve Sheath Tumor,,-3.9,15,7.4,30198,261,30,4,13,6.2,1499|3489|3815|5595,CTNNB1|IGFBP6|KIT|MAPK3,-1.7,0
0,0,0,0,0,0,0,1,0,0,0,0,0,0,0,-3.9,C0279550,M00000001,1,0,DisGeNET,35,Adult Rhabdomyosarcoma,,-3.9,9.9,6.4,30198,509,30,5,17,6.8,1499|3489|3815|4089|5595,CTNNB1|IGFBP6|KIT|SMAD4|MAPK3,-1.7,0
1,0,0,0,0,0,1,0,-3.9,0,0,0,0,0,-2.9,0,C0004763,M10000010,2,0,DisGeNET,35,Barrett Esophagus,,-3.9,9.9,6.4,30198,478,32,5,16,6.4,2246|3845|5021|5307|6927,FGF1|KRAS|OXTR|PITX1|HNF1A,-1.6,0
0,0,0,0,0,0,0,1,0,0,0,0,0,0,0,-3.9,C0206623,M00000001,1,0,DisGeNET,35,Adenosquamous carcinoma,,-3.9,30,9.2,30198,101,30,3,10,5.5,1499|1523|3815,CTNNB1|CUX1|KIT,-1.6,0
1,0,0,0,1,0,1,0,-2.6,0,0,0,-3.9,0,-2.6,0,C0334037,M10001010,3,0,DisGeNET,35,Intestinal metaplasia,,-3.9,28,8.9,30198,266,12,3,25,12,2246|3845|25891,FGF1|KRAS|PAMR1,-1.6,0
0,0,0,0,0,0,0,1,0,0,0,0,0,0,0,-3.8,C0220611,M00000001,1,0,DisGeNET,35,Childhood Rhabdomyosarcoma,,-3.8,9.7,6.3,30198,517,30,5,17,6.8,1499|3489|3815|4089|5595,CTNNB1|IGFBP6|KIT|SMAD4|MAPK3,-1.6,0
1,0,0,0,0,0,0,0,-3.8,0,0,0,0,0,0,0,C0442874,M10000000,1,0,DisGeNET,35,Neuropathy,,-3.8,9.8,6.3,30198,483,32,5,16,6.4,1959|3725|3845|6927|28514,EGR2|JUN|KRAS|HNF1A|DLL1,-1.6,0
0,0,0,0,0,0,0,1,0,0,0,0,0,0,0,-3.8,C3544205,M00000001,1,0,DisGeNET,35,Ovarian clear cell carcinoma,,-3.8,29,9.1,30198,103,30,3,10,5.5,1499|4436|5595,CTNNB1|MSH2|MAPK3,-1.6,0
0,0,0,0,0,0,0,1,0,0,0,0,0,0,0,-3.8,C1176475,M00000001,1,0,DisGeNET,35,Ductal Carcinoma,,-3.8,15,7.2,30198,273,30,4,13,6.2,1385|1499|4089|4320,CREB1|CTNNB1|SMAD4|MMP11,-1.6,0
0,0,0,0,0,0,0,1,0,0,0,0,0,0,0,-3.8,C1834582,M00000001,1,0,DisGeNET,35,"MYELOPROLIFERATIVE SYNDROME, TRANSIENT",,-3.8,29,9,30198,105,30,3,10,5.5,1499|1523|3815,CTNNB1|CUX1|KIT,-1.6,0
0,0,0,0,0,0,0,1,0,0,0,0,0,0,0,-3.8,C2676033,M00000001,1,0,DisGeNET,35,Hepatoblastoma Caused By Somatic Mutation,,-3.8,28,8.9,30198,106,30,3,10,5.5,208|4089|6464,AKT2|SMAD4|SHC1,-1.6,0
1,0,0,0,0,0,1,1,-2.5,0,0,0,0,0,-2.6,-3.8,C0028259,M10000011,3,0,DisGeNET,35,Nodule,,-3.8,14,7.1,30198,278,30,4,13,6.2,1311|1499|3815|5595,COMP|CTNNB1|KIT|MAPK3,-1.6,0
0,0,1,0,1,0,1,0,0,0,-2.8,0,-3.8,0,-2.2,0,C0155626,M00101010,3,0,DisGeNET,35,Acute myocardial infarction,,-3.8,13,6.8,30198,766,12,4,33,14,2246|2920|25891|60495,FGF1|CXCL2|PAMR1|HPSE2,-1.6,0
0,0,0,0,0,1,0,0,0,0,0,0,0,-3.7,0,0,C3714581,M00000100,1,0,DisGeNET,35,Multicystic Dysplastic Kidney,,-3.7,27,8.6,30198,121,28,3,11,5.8,699|24137|55165,BUB1|KIF4A|CEP55,-1.5,0
0,0,1,0,0,0,0,1,0,0,-3.7,0,0,0,0,-2,C0020429,M00100001,2,0,DisGeNET,35,Hyperalgesia,,-3.7,13,6.8,30198,451,20,4,20,8.9,148|5179|6354|9127,ADRA1A|PENK|CCL7|P2RX6,-1.5,0
0,0,0,0,0,0,0,1,0,0,0,0,0,0,0,-3.7,C0162309,M00000001,1,0,DisGeNET,35,Adrenoleukodystrophy,,-3.7,14,6.9,30198,294,30,4,13,6.2,1499|4040|4616|5595,CTNNB1|LRP6|GADD45B|MAPK3,-1.5,0
0,0,0,0,0,0,0,1,0,0,0,0,0,0,0,-3.7,C0022665,M00000001,1,0,DisGeNET,35,Kidney Neoplasm,,-3.7,14,6.9,30198,295,30,4,13,6.2,1499|3815|4436|5595,CTNNB1|KIT|MSH2|MAPK3,-1.5,0
0,0,0,0,0,0,1,1,0,0,0,0,0,0,-3.7,-3.7,C0003811,M00000011,2,0,DisGeNET,35,Cardiac Arrhythmia,,-3.7,9,6,30198,559,30,5,17,6.8,3753|3845|6532|7148|9127,KCNE1|KRAS|SLC6A4|TNXB|P2RX6,-1.5,0
0,0,0,0,0,0,0,1,0,0,0,0,0,0,0,-3.7,C0220668,M00000001,1,0,DisGeNET,35,Congenital contractural arachnodactyly,,-3.7,9,6,30198,559,30,5,17,6.8,208|1499|4089|4616|5595,AKT2|CTNNB1|SMAD4|GADD45B|MAPK3,-1.5,0
0,0,0,0,0,0,0,1,0,0,0,0,0,0,0,-3.7,C0036095,M00000001,1,0,DisGeNET,35,Salivary Gland Neoplasms,,-3.7,26,8.5,30198,116,30,3,10,5.5,1499|4089|4436,CTNNB1|SMAD4|MSH2,-1.5,0
0,0,1,0,0,0,0,0,0,0,-3.7,0,0,0,0,0,C0040517,M00100000,1,0,DisGeNET,35,Gilles de la Tourette syndrome,,-3.7,26,8.4,30198,177,20,3,15,8,148|1804|6999,ADRA1A|DPP6|TDO2,-1.5,0
1,0,0,0,0,0,0,0,-3.7,0,0,0,0,0,0,0,C0266362,M10000000,1,0,DisGeNET,35,Ambiguous Genitalia,,-3.7,26,8.5,30198,109,32,3,9.4,5.2,2253|28514|54361,FGF8|DLL1|WNT4,-1.5,0
0,0,0,0,0,0,0,1,0,0,0,0,0,0,0,-3.7,C0039101,M00000001,1,0,DisGeNET,35,synovial sarcoma,,-3.7,13,6.8,30198,299,30,4,13,6.2,1499|3043|3815|5595,CTNNB1|HBB|KIT|MAPK3,-1.5,0
0,0,0,0,0,0,0,1,0,0,0,0,0,0,0,-3.7,C0206180,M00000001,1,0,DisGeNET,35,Ki-1+ Anaplastic Large Cell Lymphoma,,-3.7,13,6.8,30198,300,30,4,13,6.2,571|1499|3815|5595,BACH1|CTNNB1|KIT|MAPK3,-1.5,0
1,0,0,0,0,0,0,0,-3.7,0,0,0,0,0,0,0,C1609433,M10000000,1,0,DisGeNET,35,Congenital absence of kidneys syndrome,,-3.7,26,8.5,30198,110,32,3,9.4,5.2,2253|28514|54361,FGF8|DLL1|WNT4,-1.5,0
0,0,0,0,0,0,0,1,0,0,0,0,0,0,0,-3.7,C0023440,M00000001,1,0,DisGeNET,35,Acute Erythroblastic Leukemia,,-3.7,13,6.8,30198,302,30,4,13,6.2,1499|3043|3815|5595,CTNNB1|HBB|KIT|MAPK3,-1.5,0
0,0,0,0,0,0,0,1,0,0,0,0,0,0,0,-3.6,C0280141,M00000001,1,0,DisGeNET,35,Acute Undifferentiated Leukemia,,-3.6,25,8.4,30198,119,30,3,10,5.5,1385|1499|3815,CREB1|CTNNB1|KIT,-1.5,0
0,0,0,0,0,0,0,1,0,0,0,0,0,0,0,-3.6,C0877015,M00000001,1,0,DisGeNET,35,Pelvic Organ Prolapse,,-3.6,25,8.4,30198,119,30,3,10,5.5,1284|1499|5595,COL4A2|CTNNB1|MAPK3,-1.5,0
0,0,0,0,0,0,0,1,0,0,0,0,0,0,0,-3.6,C0027794,M00000001,1,0,DisGeNET,35,Neural Tube Defects,,-3.6,13,6.8,30198,304,30,4,13,6.2,208|4040|4436|6599,AKT2|LRP6|MSH2|SMARCC1,-1.5,0
0,0,0,0,0,0,0,1,0,0,0,0,0,0,0,-3.6,C1378511,M00000001,1,0,DisGeNET,35,Undifferentiated leukemia,,-3.6,25,8.4,30198,120,30,3,10,5.5,1385|1499|3815,CREB1|CTNNB1|KIT,-1.5,0
0,0,0,0,1,0,0,0,0,0,0,0,-3.6,0,0,0,C0013384,M00001000,1,0,DisGeNET,35,Dyskinetic syndrome,,-3.6,24,8.2,30198,316,12,3,25,12,1804|3845|5179,DPP6|KRAS|PENK,-1.5,0
1,0,1,0,1,0,1,1,-3.6,0,-2.3,0,-3,0,-2.7,-2.7,C0238198,M10101011,5,0,DisGeNET,35,Gastrointestinal Stromal Tumors,,-3.6,8.8,5.9,30198,538,32,5,16,6.4,2920|3725|3845|5179|10664,CXCL2|JUN|KRAS|PENK|CTCF,-1.5,0
0,0,0,0,0,0,0,1,0,0,0,0,0,0,0,-3.6,C0036631,M00000001,1,0,DisGeNET,35,Seminoma,,-3.6,13,6.7,30198,311,30,4,13,6.2,1523|3815|4089|4436,CUX1|KIT|SMAD4|MSH2,-1.5,0
0,0,0,0,0,0,0,1,0,0,0,0,0,0,0,-3.6,C0027830,M00000001,1,0,DisGeNET,35,neurofibroma,,-3.6,24,8.2,30198,125,30,3,10,5.5,1499|3815|5595,CTNNB1|KIT|MAPK3,-1.5,0
0,0,0,1,0,0,1,1,0,0,0,-3.6,0,0,-2,-3,C0019159,M00010011,3,0,DisGeNET,35,Hepatitis A,,-3.6,22,7.9,30198,451,9,3,33,16,2920|51176|85480,CXCL2|LEF1|TSLP,-1.5,0
0,0,0,0,0,0,0,1,0,0,0,0,0,0,0,-3.6,C0005940,M00000001,1,0,DisGeNET,35,Bone Diseases,,-3.6,13,6.6,30198,317,30,4,13,6.2,1499|1523|4040|4089,CTNNB1|CUX1|LRP6|SMAD4,-1.5,0
1,0,0,0,0,0,0,0,-3.6,0,0,0,0,0,0,0,C3839280,M10000000,1,0,DisGeNET,35,High grade serous carcinoma,,-3.6,24,8.2,30198,118,32,3,9.4,5.2,1264|3845|8788,CNN1|KRAS|DLK1,-1.5,0
0,0,0,0,0,0,0,1,0,0,0,0,0,0,0,-3.6,C0019214,M00000001,1,0,DisGeNET,35,Hepatosplenomegaly,,-3.6,24,8.1,30198,127,30,3,10,5.5,3043|3815|4089,HBB|KIT|SMAD4,-1.4,0
0,0,0,0,0,0,0,1,0,0,0,0,0,0,0,-3.6,C0026847,M00000001,1,0,DisGeNET,35,Spinal Muscular Atrophy,,-3.6,13,6.6,30198,320,30,4,13,6.2,1311|1385|1499|3815,COMP|CREB1|CTNNB1|KIT,-1.4,0
0,0,0,0,0,0,0,1,0,0,0,0,0,0,0,-3.6,C1332182,M00000001,1,0,DisGeNET,35,Adult Anaplastic Large Cell Lymphoma,,-3.6,24,8.1,30198,128,30,3,10,5.5,1499|3815|5595,CTNNB1|KIT|MAPK3,-1.4,0
1,0,0,0,0,0,0,1,-3.4,0,0,0,0,0,0,-3.6,C0376544,M10000001,2,0,DisGeNET,35,Hematopoietic Neoplasms,,-3.6,13,6.5,30198,322,30,4,13,6.2,208|1499|3815|5966,AKT2|CTNNB1|KIT|REL,-1.4,0
1,0,0,0,0,0,0,1,-2.3,0,0,0,0,0,0,-3.5,C0220620,M10000001,2,0,DisGeNET,35,Gastrointestinal Carcinoid Tumor,,-3.5,12,6.5,30198,323,30,4,13,6.2,1499|3815|4436|5595,CTNNB1|KIT|MSH2|MAPK3,-1.4,0
0,0,0,0,1,0,0,0,0,0,0,0,-3.5,0,0,0,C0398650,M00001000,1,0,DisGeNET,35,Immune thrombocytopenic purpura,,-3.5,22,7.9,30198,338,12,3,25,12,3845|28514|60495,KRAS|DLL1|HPSE2,-1.4,0
0,0,0,0,0,0,1,1,0,0,0,0,0,0,-3.5,-3.5,C1851841,M00000011,2,0,DisGeNET,35,"ECTRODACTYLY, ECTODERMAL DYSPLASIA, AND CLEFT LIP/PALATE SYNDROME 1",,-3.5,23,8,30198,129,30,3,10,5.5,3845|4320|8840,KRAS|MMP11|CCN4,-1.4,0
0,0,1,1,0,1,0,0,0,0,-2.5,-3.5,0,-2,0,0,C0021368,M00110100,3,0,DisGeNET,35,Inflammation,,-3.5,22,7.7,30198,467,9,3,33,16,2246|2920|85480,FGF1|CXCL2|TSLP,-1.4,0
0,0,0,0,0,0,0,1,0,0,0,0,0,0,0,-3.5,C0010606,M00000001,1,0,DisGeNET,35,Adenoid Cystic Carcinoma,,-3.5,12,6.5,30198,325,30,4,13,6.2,1499|3815|4089|5595,CTNNB1|KIT|SMAD4|MAPK3,-1.4,0
1,0,0,0,0,0,1,0,-3.4,0,0,0,0,0,-3.5,0,C0221357,M10000010,2,0,DisGeNET,35,Brachydactyly,,-3.5,12,6.5,30198,325,30,4,13,6.2,1300|1311|3845|5307,COL10A1|COMP|KRAS|PITX1,-1.4,0
0,0,0,0,0,0,0,1,0,0,0,0,0,0,0,-3.5,C1332942,M00000001,1,0,DisGeNET,35,Childhood Anaplastic Large Cell Lymphoma,,-3.5,23,8,30198,130,30,3,10,5.5,1499|3815|5595,CTNNB1|KIT|MAPK3,-1.4,0
0,0,0,0,0,0,0,1,0,0,0,0,0,0,0,-3.5,C0032019,M00000001,1,0,DisGeNET,35,Pituitary Neoplasms,,-3.5,23,8,30198,131,30,3,10,5.5,1385|1499|4436,CREB1|CTNNB1|MSH2,-1.4,0
0,0,0,0,0,0,0,1,0,0,0,0,0,0,0,-3.5,C0238462,M00000001,1,0,DisGeNET,35,Medullary carcinoma of thyroid,,-3.5,12,6.5,30198,330,30,4,13,6.2,1499|3815|4436|5595,CTNNB1|KIT|MSH2|MAPK3,-1.4,0
0,0,0,0,0,0,0,1,0,0,0,0,0,0,0,-3.5,C0205645,M00000001,1,0,DisGeNET,35,"Adenocarcinoma, Tubular",,-3.5,23,7.9,30198,133,30,3,10,5.5,1499|4320|6599,CTNNB1|MMP11|SMARCC1,-1.4,0
0,0,0,0,0,0,0,1,0,0,0,0,0,0,0,-3.5,C0279680,M00000001,1,0,DisGeNET,35,Transitional cell carcinoma of bladder,,-3.5,12,6.4,30198,333,30,4,13,6.2,1385|1499|4436|5595,CREB1|CTNNB1|MSH2|MAPK3,-1.4,0
0,0,1,0,0,0,0,0,0,0,-3.5,0,0,0,0,0,C0563625,M00100000,1,0,DisGeNET,35,Agnosia for Pain,,-3.5,22,7.8,30198,204,20,3,15,8,148|5179|6354,ADRA1A|PENK|CCL7,-1.4,0
1,0,0,0,0,0,0,0,-3.5,0,0,0,0,0,0,0,C1136033,M10000000,1,0,DisGeNET,35,Cutaneous Mastocytosis,,-3.5,22,7.8,30198,127,32,3,9.4,5.2,2920|3725|54361,CXCL2|JUN|WNT4,-1.4,0
0,0,0,0,0,0,0,1,0,0,0,0,0,0,0,-3.5,C0022602,M00000001,1,0,DisGeNET,35,Actinic keratosis,,-3.5,22,7.8,30198,136,30,3,10,5.5,4089|4436|5595,SMAD4|MSH2|MAPK3,-1.4,0
0,0,0,0,0,0,0,1,0,0,0,0,0,0,0,-3.5,C0699893,M00000001,1,0,DisGeNET,35,Skin carcinoma,,-3.5,22,7.8,30198,136,30,3,10,5.5,1499|4320|4436,CTNNB1|MMP11|MSH2,-1.4,0
1,0,0,0,0,0,0,0,-3.5,0,0,0,0,0,0,0,C0011644,M10000000,1,0,DisGeNET,35,Scleroderma,,-3.5,12,6.4,30198,316,32,4,12,5.8,1311|1959|3845|28514,COMP|EGR2|KRAS|DLL1,-1.4,0
1,0,0,0,0,0,0,1,-2.3,0,0,0,0,0,0,-3.5,C1333015,M10000001,2,0,DisGeNET,35,Childhood Kidney Wilms Tumor,,-3.5,12,6.4,30198,338,30,4,13,6.2,1499|3043|4089|5595,CTNNB1|HBB|SMAD4|MAPK3,-1.4,0
0,0,0,0,0,0,0,1,0,0,0,0,0,0,0,-3.4,C0007873,M00000001,1,0,DisGeNET,35,Uterine Cervical Neoplasm,,-3.4,22,7.7,30198,140,30,3,10,5.5,1499|4089|5595,CTNNB1|SMAD4|MAPK3,-1.4,0
1,0,0,0,0,0,0,1,-2.2,0,0,0,0,0,0,-3.4,C1318485,M10000001,2,0,DisGeNET,35,Liver regeneration disorder,,-3.4,12,6.3,30198,346,30,4,13,6.2,1385|1499|4616|5595,CREB1|CTNNB1|GADD45B|MAPK3,-1.4,0
0,0,0,0,0,0,0,1,0,0,0,0,0,0,0,-3.4,C0023465,M00000001,1,0,DisGeNET,35,Acute monocytic leukemia,,-3.4,8,5.6,30198,633,30,5,17,6.8,1499|3815|4089|4436|9774,CTNNB1|KIT|SMAD4|MSH2|BCLAF1,-1.4,0
0,0,0,0,0,0,1,0,0,0,0,0,0,0,-3.4,0,C1842981,M00000010,1,0,DisGeNET,35,NEUROTICISM,,-3.4,21,7.7,30198,141,30,3,10,5.5,5021|5179|6532,OXTR|PENK|SLC6A4,-1.4,0
1,0,0,0,0,0,0,0,-3.4,0,0,0,0,0,0,0,C0374997,M10000000,1,0,DisGeNET,35,Helicobacter pylori (H. pylori) infection in conditions classified elsewhere and of unspecified site,,-3.4,8,5.6,30198,593,32,5,16,6.4,3725|5307|8630|8788|10664,JUN|PITX1|HSD17B6|DLK1|CTCF,-1.4,0
0,0,0,0,0,0,0,1,0,0,0,0,0,0,0,-3.4,C0014173,M00000001,1,0,DisGeNET,35,Endometrial Hyperplasia,,-3.4,21,7.6,30198,143,30,3,10,5.5,1499|4436|5595,CTNNB1|MSH2|MAPK3,-1.4,0
0,0,0,0,0,0,0,1,0,0,0,0,0,0,0,-3.4,C0260037,M00000001,1,0,DisGeNET,35,Multiple tumors,,-3.4,21,7.6,30198,143,30,3,10,5.5,1499|4089|4436,CTNNB1|SMAD4|MSH2,-1.4,0
0,0,0,0,0,0,0,1,0,0,0,0,0,0,0,-3.4,C0278608,M00000001,1,0,DisGeNET,35,Adult Liposarcoma,,-3.4,21,7.6,30198,143,30,3,10,5.5,1499|3815|4436,CTNNB1|KIT|MSH2,-1.4,0
0,0,0,0,0,0,0,1,0,0,0,0,0,0,0,-3.4,C0279984,M00000001,1,0,DisGeNET,35,Childhood Liposarcoma,,-3.4,21,7.6,30198,143,30,3,10,5.5,1499|3815|4436,CTNNB1|KIT|MSH2,-1.4,0
0,0,0,0,0,0,0,1,0,0,0,0,0,0,0,-3.4,C0008073,M00000001,1,0,DisGeNET,35,Developmental Disabilities,,-3.4,11,6.2,30198,355,30,4,13,6.2,1499|3815|4089|5595,CTNNB1|KIT|SMAD4|MAPK3,-1.3,0
0,0,0,0,0,0,0,1,0,0,0,0,0,0,0,-3.4,C0023487,M00000001,1,0,DisGeNET,35,Acute Promyelocytic Leukemia,,-3.4,7.7,5.5,30198,651,30,5,17,6.8,1385|1523|3815|4089|5595,CREB1|CUX1|KIT|SMAD4|MAPK3,-1.3,0
0,0,0,0,0,0,1,0,0,0,0,0,0,0,-3.4,0,C0152459,M00000010,1,0,DisGeNET,35,Linear atrophy,,-3.4,20,7.4,30198,149,30,3,10,5.5,3753|5021|6532,KCNE1|OXTR|SLC6A4,-1.3,0
1,0,0,0,0,0,0,0,-3.3,0,0,0,0,0,0,0,C0206664,M10000000,1,0,DisGeNET,35,Teratocarcinoma,,-3.3,20,7.4,30198,141,32,3,9.4,5.2,2253|3845|10664,FGF8|KRAS|CTCF,-1.3,0
1,0,0,0,0,0,0,0,-3.3,0,0,0,0,0,0,0,C0238288,M10000000,1,0,DisGeNET,35,"Muscular Dystrophy, Facioscapulohumeral",,-3.3,20,7.4,30198,142,32,3,9.4,5.2,2246|5307|10664,FGF1|PITX1|CTCF,-1.3,0
0,0,0,0,0,0,0,1,0,0,0,0,0,0,0,-3.3,C0740457,M00000001,1,0,DisGeNET,35,Malignant neoplasm of kidney,,-3.3,7.6,5.4,30198,664,30,5,17,6.8,1385|1499|3815|4436|5595,CREB1|CTNNB1|KIT|MSH2|MAPK3,-1.3,0
1,0,0,0,0,0,0,1,-2.2,0,0,0,0,0,0,-3.3,C0079773,M10000001,2,0,DisGeNET,35,"Lymphoma, T-Cell, Cutaneous",,-3.3,11,6.1,30198,367,30,4,13,6.2,1499|1523|3815|5595,CTNNB1|CUX1|KIT|MAPK3,-1.3,0
0,0,0,0,0,0,0,1,0,0,0,0,0,0,0,-3.3,C4525297,M00000001,1,0,DisGeNET,35,Stage 0 Gallbladder Cancer AJCC v8,,-3.3,11,6.1,30198,367,30,4,13,6.2,208|1499|4436|5595,AKT2|CTNNB1|MSH2|MAPK3,-1.3,0
0,0,0,0,0,0,0,1,0,0,0,0,0,0,0,-3.3,C4525300,M00000001,1,0,DisGeNET,35,Stage IIA Gallbladder Cancer AJCC v8,,-3.3,11,6.1,30198,367,30,4,13,6.2,208|1499|4436|5595,AKT2|CTNNB1|MSH2|MAPK3,-1.3,0
0,0,0,0,0,0,0,1,0,0,0,0,0,0,0,-3.3,C4525301,M00000001,1,0,DisGeNET,35,Stage IIB Gallbladder Cancer AJCC v8,,-3.3,11,6.1,30198,367,30,4,13,6.2,208|1499|4436|5595,AKT2|CTNNB1|MSH2|MAPK3,-1.3,0
0,0,0,0,0,0,0,1,0,0,0,0,0,0,0,-3.3,C4525302,M00000001,1,0,DisGeNET,35,Stage III Gallbladder Cancer AJCC v8,,-3.3,11,6.1,30198,367,30,4,13,6.2,208|1499|4436|5595,AKT2|CTNNB1|MSH2|MAPK3,-1.3,0
0,0,0,0,0,0,0,1,0,0,0,0,0,0,0,-3.3,C4525305,M00000001,1,0,DisGeNET,35,Stage IV Gallbladder Cancer AJCC v8,,-3.3,11,6.1,30198,367,30,4,13,6.2,208|1499|4436|5595,AKT2|CTNNB1|MSH2|MAPK3,-1.3,0
0,0,0,0,0,0,0,1,0,0,0,0,0,0,0,-3.3,C1378703,M00000001,1,0,DisGeNET,35,Renal carcinoma,,-3.3,7.6,5.4,30198,665,30,5,17,6.8,1385|1499|3815|4436|5595,CREB1|CTNNB1|KIT|MSH2|MAPK3,-1.3,0
1,0,0,0,0,0,1,1,-2.2,0,0,0,0,0,-2.2,-3.3,C0409959,M10000011,3,0,DisGeNET,35,"Osteoarthritis, Knee",,-3.3,11,6.1,30198,368,30,4,13,6.2,1311|1385|1499|8817,COMP|CREB1|CTNNB1|FGF18,-1.3,0
0,0,0,0,0,0,0,1,0,0,0,0,0,0,0,-3.3,C4552000,M00000001,1,0,DisGeNET,35,Episodic Kinesigenic Dyskinesia 1,,-3.3,20,7.3,30198,153,30,3,10,5.5,1499|1523|5595,CTNNB1|CUX1|MAPK3,-1.3,0
0,0,0,0,0,0,0,1,0,0,0,0,0,0,0,-3.3,C3841475,M00000001,1,0,DisGeNET,35,beta^+^ Thalassemia,,-3.3,19,7.3,30198,155,30,3,10,5.5,571|1385|3043,BACH1|CREB1|HBB,-1.3,0
0,0,0,0,0,0,1,0,0,0,0,0,0,0,-3.3,0,C0038580,M00000010,1,0,DisGeNET,35,Substance Dependence,,-3.3,19,7.2,30198,156,30,3,10,5.5,5137|5179|6532,PDE1C|PENK|SLC6A4,-1.3,0
0,0,0,0,0,0,1,0,0,0,0,0,0,0,-3.3,0,C0085762,M00000010,1,0,DisGeNET,35,Alcohol abuse,,-3.3,19,7.2,30198,156,30,3,10,5.5,5021|5179|6532,OXTR|PENK|SLC6A4,-1.3,0
0,0,0,0,0,0,0,1,0,0,0,0,0,0,0,-3.3,C0220633,M00000001,1,0,DisGeNET,35,Uveal melanoma,,-3.3,11,6,30198,375,30,4,13,6.2,1499|3815|5595|5966,CTNNB1|KIT|MAPK3|REL,-1.3,0
1,0,0,0,0,0,1,0,-3.2,0,0,0,0,0,-3.3,0,C0003504,M10000010,2,0,DisGeNET,35,Aortic Valve Insufficiency,,-3.3,11,6,30198,377,30,4,13,6.2,2002|2253|23493|27190,ELK1|FGF8|HEY2|IL17B,-1.3,0
1,0,0,0,0,0,0,0,-3.3,0,0,0,0,0,0,0,C0266551,M10000000,1,0,DisGeNET,35,Congenital coloboma of iris,,-3.3,19,7.2,30198,148,32,3,9.4,5.2,2253|3845|28514,FGF8|KRAS|DLL1,-1.3,0
0,0,0,0,0,0,0,1,0,0,0,0,0,0,0,-3.3,C1848296,M00000001,1,0,DisGeNET,35,DOSAGE-SENSITIVE SEX REVERSAL,,-3.3,19,7.2,30198,159,30,3,10,5.5,1499|1523|5595,CTNNB1|CUX1|MAPK3,-1.3,0
0,0,0,0,0,0,0,1,0,0,0,0,0,0,0,-3.3,C3898127,M00000001,1,0,DisGeNET,35,Non-Metastatic Childhood Soft Tissue Sarcoma,,-3.3,19,7.1,30198,160,30,3,10,5.5,1499|3815|4436,CTNNB1|KIT|MSH2,-1.3,0
1,0,0,0,0,0,0,0,-3.3,0,0,0,0,0,0,0,C0022735,M10000000,1,0,DisGeNET,35,Klinefelter Syndrome,,-3.3,19,7.1,30198,150,32,3,9.4,5.2,2253|3624|8788,FGF8|INHBA|DLK1,-1.3,0
1,0,0,0,0,0,0,0,-3.3,0,0,0,0,0,0,0,C0206650,M10000000,1,0,DisGeNET,35,Fibroadenoma,,-3.3,19,7.1,30198,151,32,3,9.4,5.2,2246|3624|54361,FGF1|INHBA|WNT4,-1.2,0
0,0,1,0,0,0,0,1,0,0,-2.7,0,0,0,0,-3.3,C0008479,M00100001,2,0,DisGeNET,35,Chondrosarcoma,,-3.3,10,5.9,30198,385,30,4,13,6.2,1311|1499|3815|5595,COMP|CTNNB1|KIT|MAPK3,-1.2,0
1,0,0,0,0,0,0,1,-2.1,0,0,0,0,0,0,-3.3,C0023470,M10000001,2,0,DisGeNET,35,Myeloid Leukemia,,-3.3,10,5.9,30198,385,30,4,13,6.2,1523|3815|4089|5595,CUX1|KIT|SMAD4|MAPK3,-1.2,0
0,0,0,0,0,0,0,1,0,0,0,0,0,0,0,-3.3,C0024419,M00000001,1,0,DisGeNET,35,Waldenstrom Macroglobulinemia,,-3.3,19,7.1,30198,162,30,3,10,5.5,1499|3815|5595,CTNNB1|KIT|MAPK3,-1.2,0
0,0,0,0,0,0,0,1,0,0,0,0,0,0,0,-3.3,C0220613,M00000001,1,0,DisGeNET,35,Adult Soft Tissue Sarcoma,,-3.3,19,7.1,30198,162,30,3,10,5.5,1499|3815|4436,CTNNB1|KIT|MSH2,-1.2,0
1,0,0,0,0,0,0,1,-2.1,0,0,0,0,0,0,-3.3,C0278595,M10000001,2,0,DisGeNET,35,Adult Fibrosarcoma,,-3.3,10,5.9,30198,387,30,4,13,6.2,1499|1523|4040|4436,CTNNB1|CUX1|LRP6|MSH2,-1.2,0
0,0,0,0,0,0,0,1,0,0,0,0,0,0,0,-3.2,C0026987,M00000001,1,0,DisGeNET,35,Myelofibrosis,,-3.2,19,7.1,30198,163,30,3,10,5.5,1499|1523|3815,CTNNB1|CUX1|KIT,-1.2,0
0,0,0,0,0,0,1,0,0,0,0,0,0,0,-3.2,0,C0334583,M00000010,1,0,DisGeNET,35,Pilocytic Astrocytoma,,-3.2,19,7.1,30198,163,30,3,10,5.5,3845|23493|168002,KRAS|HEY2|DACT2,-1.2,0
0,0,0,0,0,0,0,1,0,0,0,0,0,0,0,-3.2,C0751295,M00000001,1,0,DisGeNET,35,Memory Loss,,-3.2,19,7.1,30198,163,30,3,10,5.5,1385|1499|5966,CREB1|CTNNB1|REL,-1.2,0
1,0,0,0,0,0,0,0,-3.2,0,0,0,0,0,0,0,C0240063,M10000000,1,0,DisGeNET,35,Coloboma of iris,,-3.2,19,7.1,30198,153,32,3,9.4,5.2,2253|3845|28514,FGF8|KRAS|DLL1,-1.2,0
0,0,1,0,0,0,0,0,0,0,-3.2,0,0,0,0,0,C0333463,M00100000,1,0,DisGeNET,35,Senile Plaques,,-3.2,18,7,30198,249,20,3,15,8,2246|6999|60495,FGF1|TDO2|HPSE2,-1.2,0
0,0,0,0,0,0,1,1,0,0,0,0,0,0,-3.2,-3.2,C0029410,M00000011,2,0,DisGeNET,35,Osteoarthritis of hip,,-3.2,18,7.1,30198,164,30,3,10,5.5,1300|1311|5307,COL10A1|COMP|PITX1,-1.2,0
0,0,0,0,0,0,0,1,0,0,0,0,0,0,0,-3.2,C0022548,M00000001,1,0,DisGeNET,35,Keloid,,-3.2,18,7,30198,165,30,3,10,5.5,1311|1499|4089,COMP|CTNNB1|SMAD4,-1.2,0
1,0,0,0,0,0,1,0,-3.2,0,0,0,0,0,-2.2,0,C0848558,M10000010,2,0,DisGeNET,35,Hypospadias,,-3.2,10,5.8,30198,366,32,4,12,5.8,2253|3725|3845|54361,FGF8|JUN|KRAS|WNT4,-1.2,0
0,0,0,0,0,0,0,1,0,0,0,0,0,0,0,-3.2,C0282160,M00000001,1,0,DisGeNET,35,Aplasia Cutis Congenita,,-3.2,10,5.8,30198,393,30,4,13,6.2,1499|3815|4089|4436,CTNNB1|KIT|SMAD4|MSH2,-1.2,0
0,0,0,0,0,0,0,1,0,0,0,0,0,0,0,-3.2,C0220645,M00000001,1,0,DisGeNET,35,Childhood Soft Tissue Sarcoma,,-3.2,18,7,30198,166,30,3,10,5.5,1499|3815|4436,CTNNB1|KIT|MSH2,-1.2,0
0,0,0,0,0,0,0,1,0,0,0,0,0,0,0,-3.2,C0750952,M00000001,1,0,DisGeNET,35,Biliary Tract Cancer,,-3.2,18,7,30198,167,30,3,10,5.5,1499|4089|4436,CTNNB1|SMAD4|MSH2,-1.2,0
0,0,0,0,0,0,0,1,0,0,0,0,0,0,0,-3.2,C0023518,M00000001,1,0,DisGeNET,35,Leukocytosis,,-3.2,18,7,30198,168,30,3,10,5.5,3043|3815|5595,HBB|KIT|MAPK3,-1.2,0
0,0,0,0,0,0,0,1,0,0,0,0,0,0,0,-3.2,C4721579,M00000001,1,0,DisGeNET,35,Secondary malignant neoplasm of colon and/or rectum,,-3.2,10,5.8,30198,397,30,4,13,6.2,208|1499|4089|4436,AKT2|CTNNB1|SMAD4|MSH2,-1.2,0
0,0,1,0,1,0,0,0,0,0,-3.2,0,-2.8,0,0,0,C1565489,M00101000,2,0,DisGeNET,35,Renal Insufficiency,,-3.2,9.8,5.7,30198,615,20,4,20,8.9,148|5179|60495|116085,ADRA1A|PENK|HPSE2|SLC22A12,-1.2,0
0,0,0,0,0,0,0,1,0,0,0,0,0,0,0,-3.2,C2945695,M00000001,1,0,DisGeNET,35,Limb ischemia,,-3.2,18,6.9,30198,171,30,3,10,5.5,571|1523|5595,BACH1|CUX1|MAPK3,-1.2,0
0,0,0,0,0,0,0,1,0,0,0,0,0,0,0,-3.2,C4021768,M00000001,1,0,DisGeNET,35,Abnormality of metabolism/homeostasis,,-3.2,18,6.9,30198,171,30,3,10,5.5,1499|3043|3815,CTNNB1|HBB|KIT,-1.2,0
0,0,0,0,0,0,0,1,0,0,0,0,0,0,0,-3.2,C0011265,M00000001,1,0,DisGeNET,35,Presenile dementia,,-3.2,7,5.1,30198,718,30,5,17,6.8,571|1284|1385|1523|5595,BACH1|COL4A2|CREB1|CUX1|MAPK3,-1.2,0
1,0,0,0,0,0,1,0,-2.1,0,0,0,0,0,-3.2,0,C0013146,M10000010,2,0,DisGeNET,35,Drug abuse,,-3.2,10,5.7,30198,404,30,4,13,6.2,3845|5021|5137|6532,KRAS|OXTR|PDE1C|SLC6A4,-1.2,0
0,0,0,0,0,0,0,1,0,0,0,0,0,0,0,-3.2,C1762616,M00000001,1,0,DisGeNET,35,"Meningioma, benign, no ICD-O subtype",,-3.2,10,5.7,30198,404,30,4,13,6.2,1499|4089|4436|5595,CTNNB1|SMAD4|MSH2|MAPK3,-1.2,0
0,0,0,0,0,0,0,1,0,0,0,0,0,0,0,-3.2,C4520983,M00000001,1,0,DisGeNET,35,Congenital atresia of extrahepatic bile duct,,-3.2,18,6.9,30198,172,30,3,10,5.5,1385|1499|5595,CREB1|CTNNB1|MAPK3,-1.2,0
0,0,0,0,0,0,0,1,0,0,0,0,0,0,0,-3.2,C0278877,M00000001,1,0,DisGeNET,35,Adult Meningioma,,-3.2,9.9,5.7,30198,405,30,4,13,6.2,1499|4089|4436|5595,CTNNB1|SMAD4|MSH2|MAPK3,-1.2,0
0,0,0,0,0,0,0,1,0,0,0,0,0,0,0,-3.2,C1334274,M00000001,1,0,DisGeNET,35,Invasive Carcinoma,,-3.2,17,6.8,30198,173,30,3,10,5.5,1499|4089|4320,CTNNB1|SMAD4|MMP11,-1.2,0
0,0,0,0,0,0,0,1,0,0,0,0,0,0,0,-3.2,C0002448,M00000001,1,0,DisGeNET,35,Ameloblastoma,,-3.2,17,6.8,30198,174,30,3,10,5.5,1499|4436|5595,CTNNB1|MSH2|MAPK3,-1.2,0
0,0,0,0,0,0,0,1,0,0,0,0,0,0,0,-3.2,C1333990,M00000001,1,0,DisGeNET,35,Hereditary Nonpolyposis Colorectal Cancer,,-3.2,17,6.8,30198,174,30,3,10,5.5,1499|4089|4436,CTNNB1|SMAD4|MSH2,-1.2,0
0,0,0,0,0,0,0,1,0,0,0,0,0,0,0,-3.2,C1963165,M00000001,1,0,DisGeNET,35,"Malabsorption, CTCAE",,-3.2,17,6.8,30198,175,30,3,10,5.5,1499|3043|4436,CTNNB1|HBB|MSH2,-1.2,0
0,0,0,0,0,0,0,1,0,0,0,0,0,0,0,-3.2,C3714745,M00000001,1,0,DisGeNET,35,Malabsorption,,-3.2,17,6.8,30198,175,30,3,10,5.5,1499|3043|4436,CTNNB1|HBB|MSH2,-1.2,0
0,0,0,0,0,0,0,1,0,0,0,0,0,0,0,-3.2,C0011195,M00000001,1,0,DisGeNET,35,Dejerine-Sottas Disease (disorder),,-3.2,17,6.8,30198,176,30,3,10,5.5,1499|1523|5595,CTNNB1|CUX1|MAPK3,-1.2,0
1,0,0,0,0,0,0,1,-2,0,0,0,0,0,0,-3.1,C0016057,M10000001,2,0,DisGeNET,35,Fibrosarcoma,,-3.1,9.7,5.6,30198,413,30,4,13,6.2,1499|1523|4040|4436,CTNNB1|CUX1|LRP6|MSH2,-1.2,0
0,0,0,0,0,0,1,1,0,0,0,0,0,0,-3.1,-3.1,C2973725,M00000011,2,0,DisGeNET,35,Pulmonary arterial hypertension,,-3.1,9.7,5.6,30198,413,30,4,13,6.2,1066|2002|3845|6532,CES1|ELK1|KRAS|SLC6A4,-1.2,0
0,0,0,0,0,0,0,1,0,0,0,0,0,0,0,-3.1,C0349639,M00000001,1,0,DisGeNET,35,Juvenile Myelomonocytic Leukemia,,-3.1,17,6.7,30198,179,30,3,10,5.5,1385|3815|5966,CREB1|KIT|REL,-1.2,0
1,0,0,0,0,0,0,1,-3,0,0,0,0,0,0,-3.1,C4529962,M10000001,2,0,DisGeNET,35,Fatty Liver Disease,,-3.1,6.8,5,30198,741,30,5,17,6.8,1499|1523|4089|5595|8659,CTNNB1|CUX1|SMAD4|MAPK3|ALDH4A1,-1.2,0
0,0,0,0,0,0,0,1,0,0,0,0,0,0,0,-3.1,C0020615,M00000001,1,0,DisGeNET,35,Hypoglycemia,,-3.1,9.6,5.6,30198,420,30,4,13,6.2,208|1499|3489|3815,AKT2|CTNNB1|IGFBP6|KIT,-1.2,0
0,0,0,0,0,0,0,1,0,0,0,0,0,0,0,-3.1,C2717836,M00000001,1,0,DisGeNET,35,Steroid Sulfatase Deficiency Disease,,-3.1,17,6.7,30198,181,30,3,10,5.5,1499|3815|4436,CTNNB1|KIT|MSH2,-1.2,0
0,0,0,0,0,0,1,0,0,0,0,0,0,0,-3.1,0,C3553764,M00000010,1,0,DisGeNET,35,Joint hyperflexibility,,-3.1,17,6.7,30198,181,30,3,10,5.5,1311|3845|7148,COMP|KRAS|TNXB,-1.2,0
1,0,0,0,0,0,1,0,-2,0,0,0,0,0,-3.1,0,C0086132,M10000010,2,0,DisGeNET,35,Depressive Symptoms,,-3.1,9.6,5.6,30198,421,30,4,13,6.2,3753|5021|6532|9127,KCNE1|OXTR|SLC6A4|P2RX6,-1.2,0
0,0,1,1,0,0,1,1,0,0,-2.1,-3.1,0,0,-2.4,-2.4,C0019158,M00110011,4,0,DisGeNET,35,Hepatitis,,-3.1,15,6.4,30198,656,9,3,33,16,2920|9127|85480,CXCL2|P2RX6|TSLP,-1.2,0
0,0,0,0,0,0,0,1,0,0,0,0,0,0,0,-3.1,C0033036,M00000001,1,0,DisGeNET,35,Atrial Premature Complexes,,-3.1,17,6.6,30198,183,30,3,10,5.5,1499|4089|4436,CTNNB1|SMAD4|MSH2,-1.2,0
0,0,0,0,0,0,0,1,0,0,0,0,0,0,0,-3.1,C0346153,M00000001,1,0,DisGeNET,35,"Breast Cancer, Familial",,-3.1,17,6.6,30198,183,30,3,10,5.5,571|1499|4436,BACH1|CTNNB1|MSH2,-1.2,0
0,0,0,0,0,0,1,0,0,0,0,0,0,0,-3.1,0,C0018818,M00000010,1,0,DisGeNET,35,Ventricular Septal Defects,,-3.1,9.5,5.5,30198,426,30,4,13,6.2,3845|6532|7148|23493,KRAS|SLC6A4|TNXB|HEY2,-1.2,0
0,0,0,0,0,0,0,1,0,0,0,0,0,0,0,-3.1,C0005411,M00000001,1,0,DisGeNET,35,Biliary Atresia,,-3.1,16,6.6,30198,184,30,3,10,5.5,1385|1499|5595,CREB1|CTNNB1|MAPK3,-1.2,0
0,0,0,0,0,0,0,1,0,0,0,0,0,0,0,-3.1,C0206663,M00000001,1,0,DisGeNET,35,"Neuroectodermal Tumor, Primitive",,-3.1,16,6.6,30198,184,30,3,10,5.5,1499|1523|3815,CTNNB1|CUX1|KIT,-1.2,0
0,0,0,0,0,0,1,0,0,0,0,0,0,0,-3.1,0,C0740858,M00000010,1,0,DisGeNET,35,Substance abuse problem,,-3.1,16,6.6,30198,185,30,3,10,5.5,5021|5137|6532,OXTR|PDE1C|SLC6A4,-1.2,0
0,0,0,0,0,0,1,0,0,0,0,0,0,0,-3.1,0,C0876973,M00000010,1,0,DisGeNET,35,Infectious Lung Disorder,,-3.1,16,6.6,30198,185,30,3,10,5.5,2920|11082|27190,CXCL2|ESM1|IL17B,-1.2,0
0,0,0,0,0,0,0,1,0,0,0,0,0,0,0,-3.1,C0343641,M00000001,1,0,DisGeNET,35,Human papilloma virus infection,,-3.1,9.4,5.5,30198,428,30,4,13,6.2,1499|3815|4320|4436,CTNNB1|KIT|MMP11|MSH2,-1.2,0
0,0,0,0,0,0,1,1,0,0,0,0,0,0,-3.1,-3.1,C1301034,M00000011,2,0,DisGeNET,35,Pancreatic intraepithelial neoplasia,,-3.1,16,6.6,30198,186,30,3,10,5.5,3845|4680|5179,KRAS|CEACAM6|PENK,-1.1,0
0,0,0,0,0,1,0,1,0,0,0,0,0,-3.1,0,-3,C0024232,M00000101,2,0,DisGeNET,35,Lymphatic Metastasis,,-3.1,9.3,5.5,30198,463,28,4,14,6.6,2246|22974|85480|168002,FGF1|TPX2|TSLP|DACT2,-1.1,0
0,0,0,0,0,0,0,1,0,0,0,0,0,0,0,-3.1,C0278876,M00000001,1,0,DisGeNET,35,Adult Medulloblastoma,,-3.1,6.6,4.9,30198,762,30,5,17,6.8,1311|1499|1523|3815|5595,COMP|CTNNB1|CUX1|KIT|MAPK3,-1.1,0
0,0,0,0,0,0,1,1,0,0,0,0,0,0,-3.1,-3.1,C0278996,M00000011,2,0,DisGeNET,35,Malignant Head and Neck Neoplasm,,-3.1,6.6,4.9,30198,767,30,5,17,6.8,3845|4680|6532|9127|11082,KRAS|CEACAM6|SLC6A4|P2RX6|ESM1,-1.1,0
0,0,0,0,0,0,0,1,0,0,0,0,0,0,0,-3.1,C0017601,M00000001,1,0,DisGeNET,35,Glaucoma,,-3.1,6.5,4.9,30198,769,30,5,17,6.8,1385|1523|3043|4089|5595,CREB1|CUX1|HBB|SMAD4|MAPK3,-1.1,0
1,0,1,1,0,0,1,0,-2.2,0,-3,-3,0,0,-2.3,0,C0042373,M10110010,4,0,DisGeNET,35,Vascular Diseases,,-3,15,6.2,30198,688,9,3,33,16,2246|9127|85480,FGF1|P2RX6|TSLP,-1.1,0
1,0,0,0,0,0,1,1,-2.1,0,0,0,0,0,-3,-3,C1704272,M10000011,3,0,DisGeNET,35,Benign Prostatic Hyperplasia,,-3,6.5,4.9,30198,770,30,5,17,6.8,2295|3845|5021|23493|27190,FOXF2|KRAS|OXTR|HEY2|IL17B,-1.1,0
0,0,0,0,0,0,0,1,0,0,0,0,0,0,0,-3,C0278510,M00000001,1,0,DisGeNET,35,Childhood Medulloblastoma,,-3,6.5,4.9,30198,771,30,5,17,6.8,1311|1499|1523|3815|5595,COMP|CTNNB1|CUX1|KIT|MAPK3,-1.1,0
0,0,1,0,0,0,0,1,0,0,-3,0,0,0,0,-2.4,C0031099,M00100001,2,0,DisGeNET,35,Periodontitis,,-3,8.9,5.3,30198,681,20,4,20,8.9,2920|3381|4319|9127,CXCL2|IBSP|MMP10|P2RX6,-1.1,0
0,0,0,0,0,0,0,1,0,0,0,0,0,0,0,-3,C1519346,M00000001,1,0,DisGeNET,35,Skin Carcinogenesis,,-3,16,6.4,30198,194,30,3,10,5.5,1499|3815|4089,CTNNB1|KIT|SMAD4,-1.1,0
1,0,0,0,0,0,0,0,-3,0,0,0,0,0,0,0,C1861324,M10000000,1,0,DisGeNET,35,Short philtrum,,-3,16,6.4,30198,182,32,3,9.4,5.2,2253|28514|54361,FGF8|DLL1|WNT4,-1.1,0
0,0,0,0,0,0,0,1,0,0,0,0,0,0,0,-3,C1527349,M00000001,1,0,DisGeNET,35,Ductal Breast Carcinoma,,-3,15,6.4,30198,196,30,3,10,5.5,1385|1499|4089,CREB1|CTNNB1|SMAD4,-1.1,0
0,0,0,0,0,0,0,1,0,0,0,0,0,0,0,-3,C0005283,M00000001,1,0,DisGeNET,35,beta Thalassemia,,-3,15,6.4,30198,197,30,3,10,5.5,571|1385|3043,BACH1|CREB1|HBB,-1.1,0
0,0,1,0,0,0,1,1,0,0,-2.8,0,0,0,-3,-2.1,C3887461,M00100011,3,0,DisGeNET,35,Head and Neck Carcinoma,,-3,6.4,4.8,30198,786,30,5,17,6.8,3845|4680|6532|9127|11082,KRAS|CEACAM6|SLC6A4|P2RX6|ESM1,-1.1,0
0,0,1,0,1,0,0,0,0,0,-2.3,0,-3,0,0,0,C0281361,M00101000,2,0,DisGeNET,35,Adenocarcinoma of pancreas,,-3,15,6.2,30198,518,12,3,25,12,2246|3845|5179,FGF1|KRAS|PENK,-1.1,0
0,0,0,0,0,0,0,1,0,0,0,0,0,0,0,-3,C0278660,M00000001,1,0,DisGeNET,35,Adult Synovial Sarcoma,,-3,15,6.3,30198,198,30,3,10,5.5,1499|3815|5595,CTNNB1|KIT|MAPK3,-1.1,0
0,0,0,0,0,0,0,1,0,0,0,0,0,0,0,-3,C0279982,M00000001,1,0,DisGeNET,35,Childhood Synovial Sarcoma,,-3,15,6.3,30198,198,30,3,10,5.5,1499|3815|5595,CTNNB1|KIT|MAPK3,-1.1,0
0,0,0,0,0,0,0,1,0,0,0,0,0,0,0,-3,C1302401,M00000001,1,0,DisGeNET,35,Adenoma of large intestine,,-3,8.9,5.3,30198,452,30,4,13,6.2,208|1284|1499|4436,AKT2|COL4A2|CTNNB1|MSH2,-1.1,0
0,0,0,0,0,0,0,1,0,0,0,0,0,0,0,-3,C0079588,M00000001,1,0,DisGeNET,35,"Ichthyosis, X-Linked",,-3,15,6.3,30198,199,30,3,10,5.5,1499|3815|4436,CTNNB1|KIT|MSH2,-1.1,0
0,0,0,0,0,0,0,1,0,0,0,0,0,0,0,-3,C0023827,M00000001,1,0,DisGeNET,35,liposarcoma,,-3,15,6.3,30198,200,30,3,10,5.5,1499|3815|4436,CTNNB1|KIT|MSH2,-1.1,0
1,0,0,0,0,0,0,0,-3,0,0,0,0,0,0,0,C0152427,M10000000,1,0,DisGeNET,35,Polydactyly,,-3,15,6.3,30198,188,32,3,9.4,5.2,3242|5307|7480,HPD|PITX1|WNT10B,-1.1,0
0,0,0,0,0,0,0,1,0,0,0,0,0,0,0,-3,C0553723,M00000001,1,0,DisGeNET,35,Squamous cell carcinoma of skin,,-3,8.8,5.3,30198,458,30,4,13,6.2,1499|4089|4436|5595,CTNNB1|SMAD4|MSH2|MAPK3,-1.1,0
0,0,0,0,0,0,1,0,0,0,0,0,0,0,-3,0,C0003125,M00000010,1,0,DisGeNET,35,Anorexia Nervosa,,-3,15,6.3,30198,202,30,3,10,5.5,5021|6532|7148,OXTR|SLC6A4|TNXB,-1.1,0
0,0,1,0,0,0,0,0,0,0,-3,0,0,0,0,0,C0027404,M00100000,1,0,DisGeNET,35,Narcolepsy,,-3,15,6.2,30198,308,20,3,15,8,1804|5179|9127,DPP6|PENK|P2RX6,-1.1,0
0,0,0,0,0,0,0,1,0,0,0,0,0,0,0,-3,C0010823,M00000001,1,0,DisGeNET,35,Cytomegalovirus Infections,,-3,8.7,5.3,30198,462,30,4,13,6.2,1385|1499|5595|9774,CREB1|CTNNB1|MAPK3|BCLAF1,-1.1,0
1,0,0,0,0,0,0,0,-3,0,0,0,0,0,0,0,C0151526,M10000000,1,0,DisGeNET,35,Premature Birth,,-3,15,6.2,30198,192,32,3,9.4,5.2,2253|3845|28514,FGF8|KRAS|DLL1,-1.1,0
1,0,0,0,0,0,1,0,-2.9,0,0,0,0,0,-2.9,0,C1336708,M10000010,2,0,DisGeNET,35,Testicular Germ Cell Tumor,,-2.9,15,6.2,30198,208,30,3,10,5.5,2002|3845|5307,ELK1|KRAS|PITX1,-1.1,0
0,0,0,0,0,0,0,1,0,0,0,0,0,0,0,-2.9,C0345905,M00000001,1,0,DisGeNET,35,Intrahepatic Cholangiocarcinoma,,-2.9,8.6,5.2,30198,470,30,4,13,6.2,1499|4089|4436|5595,CTNNB1|SMAD4|MSH2|MAPK3,-1.1,0
0,0,0,0,0,0,1,0,0,0,0,0,0,0,-2.9,0,C0021831,M00000010,1,0,DisGeNET,35,Intestinal Diseases,,-2.9,14,6.2,30198,209,30,3,10,5.5,6532|9127|27190,SLC6A4|P2RX6|IL17B,-1.1,0
0,0,0,0,0,0,0,1,0,0,0,0,0,0,0,-2.9,C1845050,M00000001,1,0,DisGeNET,35,"PIGMENTARY DISORDER, RETICULATE, WITH SYSTEMIC MANIFESTATIONS",,-2.9,14,6.2,30198,209,30,3,10,5.5,1499|1523|5595,CTNNB1|CUX1|MAPK3,-1.1,0
0,0,0,0,0,0,0,1,0,0,0,0,0,0,0,-2.9,C0020473,M00000001,1,0,DisGeNET,35,Hyperlipidemia,,-2.9,8.5,5.2,30198,472,30,4,13,6.2,1284|1499|4040|6464,COL4A2|CTNNB1|LRP6|SHC1,-1.1,0
0,0,0,0,0,0,0,1,0,0,0,0,0,0,0,-2.9,C0853879,M00000001,1,0,DisGeNET,35,Invasive carcinoma of breast,,-2.9,8.5,5.2,30198,473,30,4,13,6.2,208|1499|3815|5966,AKT2|CTNNB1|KIT|REL,-1.1,0
0,0,0,0,0,0,0,1,0,0,0,0,0,0,0,-2.9,C0023269,M00000001,1,0,DisGeNET,35,leiomyosarcoma,,-2.9,14,6.1,30198,213,30,3,10,5.5,1499|3815|4616,CTNNB1|KIT|GADD45B,-1,0
0,0,0,0,0,0,0,1,0,0,0,0,0,0,0,-2.9,C0026499,M00000001,1,0,DisGeNET,35,Monosomy,,-2.9,14,6.1,30198,214,30,3,10,5.5,1499|3815|4089,CTNNB1|KIT|SMAD4,-1,0
0,0,0,0,0,0,0,1,0,0,0,0,0,0,0,-2.9,C0028960,M00000001,1,0,DisGeNET,35,Oligospermia,,-2.9,14,6,30198,217,30,3,10,5.5,3815|4089|4436,KIT|SMAD4|MSH2,-1,0
0,0,0,0,0,0,0,1,0,0,0,0,0,0,0,-2.9,C0079772,M00000001,1,0,DisGeNET,35,T-Cell Lymphoma,,-2.9,8.3,5.1,30198,485,30,4,13,6.2,208|1499|3815|5966,AKT2|CTNNB1|KIT|REL,-1,0
0,0,0,0,0,0,1,0,0,0,0,0,0,0,-2.9,0,C0038586,M00000010,1,0,DisGeNET,35,Substance Use Disorders,,-2.9,14,6,30198,218,30,3,10,5.5,5137|6532|10894,PDE1C|SLC6A4|LYVE1,-1,0
0,0,0,0,0,0,0,1,0,0,0,0,0,0,0,-2.9,C0040028,M00000001,1,0,DisGeNET,35,"Thrombocythemia, Essential",,-2.9,14,6,30198,220,30,3,10,5.5,1499|3815|4089,CTNNB1|KIT|SMAD4,-1,0
1,0,1,0,0,0,0,0,-2.9,0,-2.8,0,0,0,0,0,C0004936,M10100000,2,0,DisGeNET,35,Mental disorders,,-2.9,6,4.6,30198,789,32,5,16,6.4,3725|5021|5179|6927|10664,JUN|OXTR|PENK|HNF1A|CTCF,-1,0
0,0,0,0,0,0,1,0,0,0,0,0,0,0,-2.9,0,C0006012,M00000010,1,0,DisGeNET,35,Borderline Personality Disorder,,-2.9,14,6,30198,221,30,3,10,5.5,5021|6532|9127,OXTR|SLC6A4|P2RX6,-1,0
0,0,0,0,0,0,0,1,0,0,0,0,0,0,0,-2.9,C0268731,M00000001,1,0,DisGeNET,35,Renal glomerular disease,,-2.9,14,6,30198,221,30,3,10,5.5,1499|3043|4320,CTNNB1|HBB|MMP11,-1,0
1,0,0,0,0,0,0,1,-2.8,0,0,0,0,0,0,-2.9,C1840264,M10000001,2,0,DisGeNET,35,IMMUNE SUPPRESSION,,-2.9,14,5.9,30198,222,30,3,10,5.5,1499|5595|6464,CTNNB1|MAPK3|SHC1,-1,0
0,0,0,0,0,0,0,1,0,0,0,0,0,0,0,-2.9,C0200665,M00000001,1,0,DisGeNET,35,Platelet mean volume determination (procedure),,-2.9,14,5.9,30198,223,30,3,10,5.5,1523|2972|3043,CUX1|BRF1|HBB,-1,0
0,0,0,0,0,0,0,1,0,0,0,0,0,0,0,-2.9,C0206687,M00000001,1,0,DisGeNET,35,"Carcinoma, Endometrioid",,-2.9,14,5.9,30198,223,30,3,10,5.5,1499|3815|4436,CTNNB1|KIT|MSH2,-1,0
0,0,0,0,0,0,0,1,0,0,0,0,0,0,0,-2.8,C0007133,M00000001,1,0,DisGeNET,35,"Carcinoma, Papillary",,-2.8,13,5.9,30198,225,30,3,10,5.5,1385|1499|3815,CREB1|CTNNB1|KIT,-1,0
0,0,0,0,0,0,0,1,0,0,0,0,0,0,0,-2.8,C3887524,M00000001,1,0,DisGeNET,35,Skin Erosion,,-2.8,13,5.9,30198,225,30,3,10,5.5,1311|1523|5595,COMP|CUX1|MAPK3,-1,0
0,0,0,0,0,0,0,1,0,0,0,0,0,0,0,-2.8,C0007129,M00000001,1,0,DisGeNET,35,Merkel cell carcinoma,,-2.8,13,5.9,30198,226,30,3,10,5.5,1499|3815|4089,CTNNB1|KIT|SMAD4,-0.99,0
0,0,0,0,0,0,0,1,0,0,0,0,0,0,0,-2.8,C0027055,M00000001,1,0,DisGeNET,35,Myocardial Reperfusion Injury,,-2.8,13,5.9,30198,226,30,3,10,5.5,208|4089|5595,AKT2|SMAD4|MAPK3,-0.99,0
0,0,0,0,0,0,0,1,0,0,0,0,0,0,0,-2.8,C0026470,M00000001,1,0,DisGeNET,35,Monoclonal Gammopathy of Undetermined Significance,,-2.8,13,5.9,30198,227,30,3,10,5.5,208|1499|3815,AKT2|CTNNB1|KIT,-0.99,0
0,0,0,0,0,0,0,1,0,0,0,0,0,0,0,-2.8,C1332201,M00000001,1,0,DisGeNET,35,Adult Diffuse Large B-Cell Lymphoma,,-2.8,8,5,30198,504,30,4,13,6.2,1499|5595|5966|9774,CTNNB1|MAPK3|REL|BCLAF1,-0.99,0
0,0,0,0,0,0,1,0,0,0,0,0,0,0,-2.8,0,C4282128,M00000010,1,0,DisGeNET,35,PATENT DUCTUS ARTERIOSUS 1,,-2.8,13,5.8,30198,229,30,3,10,5.5,3845|4680|6532,KRAS|CEACAM6|SLC6A4,-0.98,0
0,0,0,0,0,0,0,1,0,0,0,0,0,0,0,-2.8,C0007114,M00000001,1,0,DisGeNET,35,Malignant neoplasm of skin,,-2.8,7.9,5,30198,508,30,4,13,6.2,1499|3815|4089|4436,CTNNB1|KIT|SMAD4|MSH2,-0.98,0
0,0,0,0,0,0,1,0,0,0,0,0,0,0,-2.8,0,C4551472,M00000010,1,0,DisGeNET,35,Hypertrophic obstructive cardiomyopathy,,-2.8,13,5.8,30198,233,30,3,10,5.5,3845|10894|23493,KRAS|LYVE1|HEY2,-0.97,0
0,0,0,0,0,0,0,1,0,0,0,0,0,0,0,-2.8,C0553580,M00000001,1,0,DisGeNET,35,Ewings sarcoma,,-2.8,7.8,4.9,30198,517,30,4,13,6.2,1499|3815|4320|4436,CTNNB1|KIT|MMP11|MSH2,-0.96,0
0,0,0,0,0,0,1,0,0,0,0,0,0,0,-2.8,0,C0003123,M00000010,1,0,DisGeNET,35,Anorexia,,-2.8,12,5.7,30198,242,30,3,10,5.5,3845|5021|6532,KRAS|OXTR|SLC6A4,-0.93,0
0,0,0,0,0,0,0,1,0,0,0,0,0,0,0,-2.8,C0333307,M00000001,1,0,DisGeNET,35,Superficial ulcer,,-2.8,12,5.7,30198,242,30,3,10,5.5,1311|1523|5595,COMP|CUX1|MAPK3,-0.93,0
0,0,0,0,0,1,0,0,0,0,0,0,0,-2.8,0,0,C0029124,M00000100,1,0,DisGeNET,35,Optic Atrophy,,-2.8,7.6,4.8,30198,568,28,4,14,6.6,762|4751|22974|55165,CA4|NEK2|TPX2|CEP55,-0.93,0
0,0,0,0,1,0,0,1,0,0,0,0,-2.7,0,0,-2.5,C0085669,M00001001,2,0,DisGeNET,35,Acute leukemia,,-2.7,12,5.5,30198,639,12,3,25,12,3845|28514|60495,KRAS|DLL1|HPSE2,-0.93,0
0,0,0,0,0,0,0,1,0,0,0,0,0,0,0,-2.7,C0014474,M00000001,1,0,DisGeNET,35,Ependymoma,,-2.7,12,5.6,30198,244,30,3,10,5.5,1499|3815|4436,CTNNB1|KIT|MSH2,-0.93,0
0,0,0,0,0,0,1,1,0,0,0,0,0,0,-2.7,-2.7,C3642347,M00000011,2,0,DisGeNET,35,Basal-Like Breast Carcinoma,,-2.7,12,5.6,30198,245,30,3,10,5.5,2295|10894|27190,FOXF2|LYVE1|IL17B,-0.92,0
0,0,0,0,0,0,0,1,0,0,0,0,0,0,0,-2.7,C0598935,M00000001,1,0,DisGeNET,35,Tumor Initiation,,-2.7,7.6,4.8,30198,533,30,4,13,6.2,1499|1523|4089|5595,CTNNB1|CUX1|SMAD4|MAPK3,-0.92,0
1,0,0,0,0,0,1,1,-2.6,0,0,0,0,0,-2.7,-2.7,C0039585,M10000011,3,0,DisGeNET,35,Androgen-Insensitivity Syndrome,,-2.7,12,5.6,30198,247,30,3,10,5.5,1311|3845|5307,COMP|KRAS|PITX1,-0.92,0
0,0,0,0,1,0,1,0,0,0,0,0,-2.7,0,-2.4,0,C0085207,M00001010,2,0,DisGeNET,35,Gestational Diabetes,,-2.7,12,5.5,30198,649,12,3,25,12,8840|28514|60495,CCN4|DLL1|HPSE2,-0.92,0
0,0,0,0,0,0,1,1,0,0,0,0,0,0,-2.7,-2.7,C0003862,M00000011,2,0,DisGeNET,35,Arthralgia,,-2.7,12,5.6,30198,248,30,3,10,5.5,1311|6532|7148,COMP|SLC6A4|TNXB,-0.92,0
1,0,0,0,0,0,0,0,-2.7,0,0,0,0,0,0,0,C0003507,M10000000,1,0,DisGeNET,35,Aortic Valve Stenosis,,-2.7,12,5.6,30198,234,32,3,9.4,5.2,3725|3845|5307,JUN|KRAS|PITX1,-0.91,0
0,0,0,0,0,0,0,1,0,0,0,0,0,0,0,-2.7,C0026948,M00000001,1,0,DisGeNET,35,Mycosis Fungoides,,-2.7,12,5.5,30198,251,30,3,10,5.5,1385|1499|3815,CREB1|CTNNB1|KIT,-0.91,0
0,0,0,0,0,1,0,0,0,0,0,0,0,-2.7,0,0,C0025990,M00000100,1,0,DisGeNET,35,Micrognathism,,-2.7,7.4,4.7,30198,586,28,4,14,6.6,699|1063|1300|55165,BUB1|CENPF|COL10A1|CEP55,-0.9,0
0,0,0,0,0,0,0,1,0,0,0,0,0,0,0,-2.7,C0035334,M00000001,1,0,DisGeNET,35,Retinitis Pigmentosa,,-2.7,7.4,4.7,30198,546,30,4,13,6.2,1499|4089|8817|115861,CTNNB1|SMAD4|FGF18|NXNL1,-0.9,0
0,0,0,0,0,0,0,1,0,0,0,0,0,0,0,-2.7,C0153594,M00000001,1,0,DisGeNET,35,Malignant neoplasm of testis,,-2.7,12,5.5,30198,253,30,3,10,5.5,3815|4089|4436,KIT|SMAD4|MSH2,-0.9,0
1,0,0,0,0,0,0,0,-2.7,0,0,0,0,0,0,0,C0007193,M10000000,1,0,DisGeNET,35,"Cardiomyopathy, Dilated",,-2.7,7.4,4.7,30198,511,32,4,12,5.8,1264|1311|1876|28514,CNN1|COMP|E2F6|DLL1,-0.9,0
0,0,0,0,0,0,0,1,0,0,0,0,0,0,0,-2.7,C0392514,M00000001,1,0,DisGeNET,35,Hereditary hemochromatosis,,-2.7,12,5.5,30198,254,30,3,10,5.5,1499|3489|5595,CTNNB1|IGFBP6|MAPK3,-0.9,0
0,0,0,0,0,0,0,1,0,0,0,0,0,0,0,-2.7,C3489532,M00000001,1,0,DisGeNET,35,Cone-Rod Dystrophy 2,,-2.7,12,5.5,30198,254,30,3,10,5.5,1499|1523|4040,CTNNB1|CUX1|LRP6,-0.9,0
1,0,0,0,0,0,1,0,-2.6,0,0,0,0,0,-2.7,0,C0018916,M10000010,2,0,DisGeNET,35,Hemangioma,,-2.7,12,5.5,30198,256,30,3,10,5.5,2253|3845|10894,FGF8|KRAS|LYVE1,-0.89,0
0,0,0,0,0,0,0,1,0,0,0,0,0,0,0,-2.7,C0342649,M00000001,1,0,DisGeNET,35,Vascular calcification,,-2.7,12,5.5,30198,257,30,3,10,5.5,905|1311|1499,CCNT2|COMP|CTNNB1,-0.89,0
0,0,0,0,0,0,0,1,0,0,0,0,0,0,0,-2.7,C4551687,M00000001,1,0,DisGeNET,35,Sarcoma of soft tissue,,-2.7,12,5.4,30198,258,30,3,10,5.5,1499|3815|4436,CTNNB1|KIT|MSH2,-0.89,0
0,0,0,0,0,0,0,1,0,0,0,0,0,0,0,-2.7,C0039483,M00000001,1,0,DisGeNET,35,Giant Cell Arteritis,,-2.7,12,5.4,30198,260,30,3,10,5.5,1499|4089|4616,CTNNB1|SMAD4|GADD45B,-0.88,0
0,0,0,0,0,0,1,0,0,0,0,0,0,0,-2.7,0,C0007194,M00000010,1,0,DisGeNET,35,Hypertrophic Cardiomyopathy,,-2.7,7.2,4.7,30198,559,30,4,13,6.2,3845|6532|10894|23493,KRAS|SLC6A4|LYVE1|HEY2,-0.88,0
0,0,0,0,0,0,0,1,0,0,0,0,0,0,0,-2.7,C0025500,M00000001,1,0,DisGeNET,35,Mesothelioma,,-2.7,7.2,4.7,30198,560,30,4,13,6.2,1499|3815|5595|8817,CTNNB1|KIT|MAPK3|FGF18,-0.87,0
0,0,0,0,0,0,0,1,0,0,0,0,0,0,0,-2.7,C0037284,M00000001,1,0,DisGeNET,35,Skin lesion,,-2.7,7.2,4.6,30198,563,30,4,13,6.2,3815|4436|5595|5966,KIT|MSH2|MAPK3|REL,-0.87,0
0,0,0,0,0,0,0,1,0,0,0,0,0,0,0,-2.6,C2826323,M00000001,1,0,DisGeNET,35,Refractory Cytopenia of Childhood,,-2.6,11,5.4,30198,264,30,3,10,5.5,1499|3815|5595,CTNNB1|KIT|MAPK3,-0.87,0
1,0,0,0,0,1,0,0,-2.4,0,0,0,0,-2.6,0,0,C0008925,M10000100,2,0,DisGeNET,35,Cleft Palate,,-2.6,7.1,4.6,30198,611,28,4,14,6.6,699|1063|2246|55165,BUB1|CENPF|FGF1|CEP55,-0.86,0
0,0,0,0,0,0,0,1,0,0,0,0,0,0,0,-2.6,C0018800,M00000001,1,0,DisGeNET,35,Cardiomegaly,,-2.6,11,5.3,30198,267,30,3,10,5.5,3043|5595|6464,HBB|MAPK3|SHC1,-0.86,0
0,0,0,0,0,0,0,1,0,0,0,0,0,0,0,-2.6,C0151650,M00000001,1,0,DisGeNET,35,Renal fibrosis,,-2.6,7.1,4.6,30198,570,30,4,13,6.2,208|1499|4089|5595,AKT2|CTNNB1|SMAD4|MAPK3,-0.86,0
0,0,0,0,0,0,0,1,0,0,0,0,0,0,0,-2.6,C0940937,M00000001,1,0,DisGeNET,35,precancerous lesions,,-2.6,11,5.3,30198,270,30,3,10,5.5,1499|4089|4320,CTNNB1|SMAD4|MMP11,-0.85,0
0,0,0,0,0,0,1,0,0,0,0,0,0,0,-2.6,0,C0001973,M00000010,1,0,DisGeNET,35,"Alcoholic Intoxication, Chronic",,-2.6,7,4.6,30198,577,30,4,13,6.2,5021|5179|6532|23493,OXTR|PENK|SLC6A4|HEY2,-0.84,0
1,0,0,0,0,0,0,0,-2.6,0,0,0,0,0,0,0,C0008924,M10000000,1,0,DisGeNET,35,Cleft upper lip,,-2.6,11,5.3,30198,255,32,3,9.4,5.2,2246|2253|54361,FGF1|FGF8|WNT4,-0.84,0
0,0,0,0,0,0,0,1,0,0,0,0,0,0,0,-2.6,C4284013,M00000001,1,0,DisGeNET,35,Primary cholangiocarcinoma of intrahepatic biliary tract,,-2.6,11,5.3,30198,274,30,3,10,5.5,1499|4089|5595,CTNNB1|SMAD4|MAPK3,-0.84,0
0,0,0,0,0,0,1,1,0,0,0,0,0,0,-2.6,-2.6,C0003486,M00000011,2,0,DisGeNET,35,Aortic Aneurysm,,-2.6,11,5.2,30198,278,30,3,10,5.5,1311|3845|10894,COMP|KRAS|LYVE1,-0.83,0
1,0,0,0,0,0,0,1,-2.5,0,0,0,0,0,0,-2.6,C0205851,M10000001,2,0,DisGeNET,35,Germ cell tumor,,-2.6,11,5.2,30198,278,30,3,10,5.5,1499|3815|4089,CTNNB1|KIT|SMAD4,-0.83,0
1,0,0,0,0,0,0,0,-2.6,0,0,0,0,0,0,0,C0014170,M10000000,1,0,DisGeNET,35,Endometrial Neoplasms,,-2.6,11,5.2,30198,261,32,3,9.4,5.2,3624|3725|3845,INHBA|JUN|KRAS,-0.83,0
0,0,0,0,0,0,0,1,0,0,0,0,0,0,0,-2.6,C0085413,M00000001,1,0,DisGeNET,35,"Polycystic Kidney, Autosomal Dominant",,-2.6,11,5.2,30198,280,30,3,10,5.5,1385|1499|1523,CREB1|CTNNB1|CUX1,-0.83,0
0,0,0,0,0,0,0,1,0,0,0,0,0,0,0,-2.6,C0206686,M00000001,1,0,DisGeNET,35,Adrenocortical carcinoma,,-2.6,11,5.2,30198,281,30,3,10,5.5,1499|4089|4436,CTNNB1|SMAD4|MSH2,-0.82,0
0,0,0,0,0,0,0,1,0,0,0,0,0,0,0,-2.6,C0205698,M00000001,1,0,DisGeNET,35,Undifferentiated carcinoma,,-2.6,11,5.2,30198,283,30,3,10,5.5,1499|4436|5595,CTNNB1|MSH2|MAPK3,-0.82,0
1,0,0,0,0,0,0,0,-2.6,0,0,0,0,0,0,0,C1854114,M10000000,1,0,DisGeNET,35,Short nose,,-2.6,11,5.2,30198,265,32,3,9.4,5.2,2253|3845|28514,FGF8|KRAS|DLL1,-0.82,0
0,0,0,0,0,0,0,1,0,0,0,0,0,0,0,-2.6,C0027059,M00000001,1,0,DisGeNET,35,Myocarditis,,-2.6,11,5.1,30198,285,30,3,10,5.5,208|3815|5595,AKT2|KIT|MAPK3,-0.81,0
1,0,0,0,0,0,0,0,-2.5,0,0,0,0,0,0,0,C2062441,M10000000,1,0,DisGeNET,35,Influenza A,,-2.5,6.7,4.5,30198,562,32,4,12,5.8,2920|3242|3725|28514,CXCL2|HPD|JUN|DLL1,-0.81,0
0,0,0,0,0,0,1,1,0,0,0,0,0,0,-2.5,-2.5,C1960398,M00000011,2,0,DisGeNET,35,HER2-positive carcinoma of breast,,-2.5,10,5.1,30198,288,30,3,10,5.5,2295|3845|4320,FOXF2|KRAS|MMP11,-0.8,0
1,0,0,0,1,0,0,1,-2.1,0,0,0,-2.5,0,0,-2.2,C0151744,M10001001,3,0,DisGeNET,35,Myocardial Ischemia,,-2.5,10,5,30198,756,12,3,25,12,2246|2920|5179,FGF1|CXCL2|PENK,-0.8,0
0,0,0,0,0,0,0,1,0,0,0,0,0,0,0,-2.5,C0041341,M00000001,1,0,DisGeNET,35,Tuberous Sclerosis,,-2.5,10,5.1,30198,289,30,3,10,5.5,208|1499|5595,AKT2|CTNNB1|MAPK3,-0.8,0
0,0,1,0,0,0,1,1,0,0,-2.1,0,0,0,-2.5,-2.5,C0009241,M00100011,3,0,DisGeNET,35,Cognition Disorders,,-2.5,6.6,4.4,30198,607,30,4,13,6.2,4680|5021|6532|25769,CEACAM6|OXTR|SLC6A4|SLC24A2,-0.8,0
0,0,1,0,0,0,0,0,0,0,-2.5,0,0,0,0,0,C0007758,M00100000,1,0,DisGeNET,35,Cerebellar Ataxia,,-2.5,10,5,30198,441,20,3,15,8,1804|2920|4319,DPP6|CXCL2|MMP10,-0.8,0
0,0,0,0,0,0,0,1,0,0,0,0,0,0,0,-2.5,C0200638,M00000001,1,0,DisGeNET,35,Eosinophil count procedure,,-2.5,6.6,4.4,30198,610,30,4,13,6.2,1523|3043|3815|6464,CUX1|HBB|KIT|SHC1,-0.79,0
0,0,0,0,0,0,0,1,0,0,0,0,0,0,0,-2.5,C0206682,M00000001,1,0,DisGeNET,35,Follicular thyroid carcinoma,,-2.5,10,5,30198,293,30,3,10,5.5,1499|3489|5595,CTNNB1|IGFBP6|MAPK3,-0.78,0
1,0,0,0,0,0,0,1,-2.4,0,0,0,0,0,0,-2.5,C0175754,M10000001,2,0,DisGeNET,35,Agenesis of corpus callosum,,-2.5,6.5,4.4,30198,615,30,4,13,6.2,1499|3815|4089|4436,CTNNB1|KIT|SMAD4|MSH2,-0.78,0
1,0,0,0,0,0,1,0,-2.4,0,0,0,0,0,-2.5,0,C0541764,M10000010,2,0,DisGeNET,35,Delayed bone age,,-2.5,10,5,30198,295,30,3,10,5.5,1311|2253|3845,COMP|FGF8|KRAS,-0.78,0
0,0,0,0,0,0,0,1,0,0,0,0,0,0,0,-2.5,C0027962,M00000001,1,0,DisGeNET,35,Melanocytic nevus,,-2.5,10,5,30198,297,30,3,10,5.5,1499|3815|4436,CTNNB1|KIT|MSH2,-0.77,0
1,0,0,0,0,0,1,0,-2.4,0,0,0,0,0,-2.5,0,C4551915,M10000010,2,0,DisGeNET,35,"Gait Disturbance, CTCAE",,-2.5,10,5,30198,299,30,3,10,5.5,1311|2253|3845,COMP|FGF8|KRAS,-0.77,0
0,0,0,0,0,0,1,0,0,0,0,0,0,0,-2.5,0,C0011991,M00000010,1,0,DisGeNET,35,Diarrhea,,-2.5,6.4,4.3,30198,632,30,4,13,6.2,1066|3845|5307|6532,CES1|KRAS|PITX1|SLC6A4,-0.75,0
0,0,0,0,0,1,0,1,0,0,0,0,0,-2.5,0,-2.4,C1328504,M00000101,2,0,DisGeNET,35,Hormone refractory prostate cancer,,-2.5,6.3,4.3,30198,683,28,4,14,6.6,3489|24137|55165|83540,IGFBP6|KIF4A|CEP55|NUF2,-0.74,0
1,0,0,0,0,0,0,0,-2.4,0,0,0,0,0,0,0,C0017152,M10000000,1,0,DisGeNET,35,Gastritis,,-2.4,9.7,4.9,30198,292,32,3,9.4,5.2,3725|3845|5307,JUN|KRAS|PITX1,-0.73,0
1,0,0,0,0,0,1,1,-2.4,0,0,0,0,0,-2.4,-2.4,C0575081,M10000011,3,0,DisGeNET,35,Gait abnormality,,-2.4,9.7,4.9,30198,312,30,3,10,5.5,1311|2253|3845,COMP|FGF8|KRAS,-0.73,0
0,0,0,0,0,0,0,1,0,0,0,0,0,0,0,-2.4,C1708349,M00000001,1,0,DisGeNET,35,Hereditary Diffuse Gastric Cancer,,-2.4,9.7,4.9,30198,312,30,3,10,5.5,1499|4089|5595,CTNNB1|SMAD4|MAPK3,-0.73,0
0,0,0,0,0,0,0,1,0,0,0,0,0,0,0,-2.4,C0011884,M00000001,1,0,DisGeNET,35,Diabetic Retinopathy,,-2.4,6.3,4.2,30198,644,30,4,13,6.2,1311|1499|4040|5595,COMP|CTNNB1|LRP6|MAPK3,-0.73,0
0,0,0,0,0,1,0,0,0,0,0,0,0,-2.4,0,0,C0026010,M00000100,1,0,DisGeNET,35,Microphthalmos,,-2.4,9.6,4.8,30198,337,28,3,11,5.8,699|1063|55165,BUB1|CENPF|CEP55,-0.72,0
0,0,0,0,0,0,0,1,0,0,0,0,0,0,0,-2.4,C1275122,M00000001,1,0,DisGeNET,35,Familial multiple trichoepitheliomata,,-2.4,9.5,4.8,30198,317,30,3,10,5.5,1499|4089|4436,CTNNB1|SMAD4|MSH2,-0.71,0
1,0,0,0,0,0,0,0,-2.4,0,0,0,0,0,0,0,C0020676,M10000000,1,0,DisGeNET,35,Hypothyroidism,,-2.4,6.2,4.2,30198,613,32,4,12,5.8,2253|3242|28514|168002,FGF8|HPD|DLL1|DACT2,-0.71,0
1,0,0,0,0,0,1,0,-2.3,0,0,0,0,0,-2.4,0,C0410702,M10000010,2,0,DisGeNET,35,Adolescent idiopathic scoliosis,,-2.4,6.1,4.2,30198,656,30,4,13,6.2,1311|5137|5307|25769,COMP|PDE1C|PITX1|SLC24A2,-0.71,0
1,0,0,0,0,0,0,0,-2.4,0,0,0,0,0,0,0,C0035126,M10000000,1,0,DisGeNET,35,Reperfusion Injury,,-2.4,9.4,4.8,30198,300,32,3,9.4,5.2,2246|2920|3725,FGF1|CXCL2|JUN,-0.71,0
1,0,0,0,0,0,0,0,-2.4,0,0,0,0,0,0,0,C4086152,M10000000,1,0,DisGeNET,35,Childhood Astrocytoma,,-2.4,6.1,4.2,30198,615,32,4,12,5.8,2002|3725|5307|6927,ELK1|JUN|PITX1|HNF1A,-0.71,0
1,0,0,0,0,0,0,0,-2.4,0,0,0,0,0,0,0,C0004623,M10000000,1,0,DisGeNET,35,Bacterial Infections,,-2.4,6.1,4.2,30198,616,32,4,12,5.8,2920|3725|6927|28514,CXCL2|JUN|HNF1A|DLL1,-0.71,0
0,0,0,0,0,0,0,1,0,0,0,0,0,0,0,-2.4,C1969372,M00000001,1,0,DisGeNET,35,Tubulointerstitial fibrosis,,-2.4,9.2,4.7,30198,327,30,3,10,5.5,1499|4089|5595,CTNNB1|SMAD4|MAPK3,-0.69,0
0,0,0,0,0,0,1,0,0,0,0,0,0,0,-2.4,0,C4521042,M00000010,1,0,DisGeNET,35,Complete Trisomy 21 Syndrome,,-2.4,6,4.1,30198,668,30,4,13,6.2,2002|3753|6532|23493,ELK1|KCNE1|SLC6A4|HEY2,-0.69,0
0,0,0,0,0,0,0,1,0,0,0,0,0,0,0,-2.4,C0085281,M00000001,1,0,DisGeNET,35,Addictive Behavior,,-2.4,9.1,4.7,30198,332,30,3,10,5.5,1385|3815|5595,CREB1|KIT|MAPK3,-0.67,0
0,0,0,0,0,0,0,1,0,0,0,0,0,0,0,-2.4,C0085215,M00000001,1,0,DisGeNET,35,"Ovarian Failure, Premature",,-2.4,9.1,4.7,30198,333,30,3,10,5.5,3815|4616|5595,KIT|GADD45B|MAPK3,-0.67,0
0,0,0,0,0,0,0,1,0,0,0,0,0,0,0,-2.4,C0023508,M00000001,1,0,DisGeNET,35,White Blood Cell Count procedure,,-2.4,5.9,4.1,30198,681,30,4,13,6.2,1284|3043|4800|6464,COL4A2|HBB|NFYA|SHC1,-0.66,0
0,0,0,0,0,0,0,1,0,0,0,0,0,0,0,-2.3,C0242383,M00000001,1,0,DisGeNET,35,Age related macular degeneration,,-2.3,5.9,4.1,30198,685,30,4,13,6.2,208|1499|4040|5595,AKT2|CTNNB1|LRP6|MAPK3,-0.66,0
0,0,0,0,0,0,0,1,0,0,0,0,0,0,0,-2.3,C0018681,M00000001,1,0,DisGeNET,35,Headache,,-2.3,8.9,4.6,30198,338,30,3,10,5.5,1499|1523|3815,CTNNB1|CUX1|KIT,-0.66,0
0,0,0,0,0,0,0,1,0,0,0,0,0,0,0,-2.3,C0002893,M00000001,1,0,DisGeNET,35,Refractory anemias,,-2.3,8.9,4.6,30198,340,30,3,10,5.5,3815|4616|5595,KIT|GADD45B|MAPK3,-0.65,0
0,0,0,0,0,0,0,1,0,0,0,0,0,0,0,-2.3,C0158266,M00000001,1,0,DisGeNET,35,Intervertebral Disc Degeneration,,-2.3,8.8,4.6,30198,342,30,3,10,5.5,1499|3489|5595,CTNNB1|IGFBP6|MAPK3,-0.65,0
0,0,0,0,0,0,0,1,0,0,0,0,0,0,0,-2.3,C0031511,M00000001,1,0,DisGeNET,35,Pheochromocytoma,,-2.3,8.8,4.6,30198,344,30,3,10,5.5,3815|4436|5595,KIT|MSH2|MAPK3,-0.64,0
0,0,0,0,0,0,0,1,0,0,0,0,0,0,0,-2.3,C2363741,M00000001,1,0,DisGeNET,35,HIV-1 infection,,-2.3,5.8,4,30198,695,30,4,13,6.2,1385|1523|5595|6464,CREB1|CUX1|MAPK3|SHC1,-0.64,0
0,0,0,0,0,0,0,1,0,0,0,0,0,0,0,-2.3,C3714636,M00000001,1,0,DisGeNET,35,Pneumonitis,,-2.3,5.8,4,30198,696,30,4,13,6.2,208|1499|1523|5595,AKT2|CTNNB1|CUX1|MAPK3,-0.64,0
0,0,0,0,0,0,0,1,0,0,0,0,0,0,0,-2.3,C0038013,M00000001,1,0,DisGeNET,35,Ankylosing spondylitis,,-2.3,5.7,4,30198,710,30,4,13,6.2,1499|1523|4040|4089,CTNNB1|CUX1|LRP6|SMAD4,-0.61,0
0,0,0,0,0,0,0,1,0,0,0,0,0,0,0,-2.3,C0035309,M00000001,1,0,DisGeNET,35,Retinal Diseases,,-2.3,5.6,4,30198,714,30,4,13,6.2,1499|3043|3489|115861,CTNNB1|HBB|IGFBP6|NXNL1,-0.61,0
0,0,0,0,0,0,0,1,0,0,0,0,0,0,0,-2.3,C0041956,M00000001,1,0,DisGeNET,35,Ureteral obstruction,,-2.3,8.4,4.5,30198,359,30,3,10,5.5,208|1499|4089,AKT2|CTNNB1|SMAD4,-0.6,0
0,0,0,0,0,0,0,1,0,0,0,0,0,0,0,-2.3,C0236734,M00000001,1,0,DisGeNET,35,Caffeine related disorders,,-2.3,8.4,4.5,30198,359,30,3,10,5.5,1284|1385|5595,COL4A2|CREB1|MAPK3,-0.6,0
1,0,0,0,0,0,0,0,-2.3,0,0,0,0,0,0,0,C1519680,M10000000,1,0,DisGeNET,35,Tumor Immunity,,-2.3,8.4,4.4,30198,337,32,3,9.4,5.2,3725|3845|6927,JUN|KRAS|HNF1A,-0.59,0
0,0,0,0,0,1,0,1,0,0,0,0,0,-2.3,0,-2.2,C0017658,M00000101,2,0,DisGeNET,35,Glomerulonephritis,,-2.3,8.3,4.4,30198,391,28,3,11,5.8,1264|4320|25891,CNN1|MMP11|PAMR1,-0.58,0
1,0,0,0,0,0,0,0,-2.3,0,0,0,0,0,0,0,C1282496,M10000000,1,0,DisGeNET,35,Metastasis from malignant tumor of prostate,,-2.3,8.3,4.4,30198,342,32,3,9.4,5.2,3845|8788|10664,KRAS|DLK1|CTCF,-0.58,0
0,0,0,0,0,0,0,1,0,0,0,0,0,0,0,-2.2,C1292778,M00000001,1,0,DisGeNET,35,Chronic myeloproliferative disorder,,-2.2,8.3,4.4,30198,366,30,3,10,5.5,1499|3815|5595,CTNNB1|KIT|MAPK3,-0.58,0
0,0,0,0,0,0,0,1,0,0,0,0,0,0,0,-2.2,C0026691,M00000001,1,0,DisGeNET,35,Mucocutaneous Lymph Node Syndrome,,-2.2,8.2,4.4,30198,370,30,3,10,5.5,1499|4320|5595,CTNNB1|MMP11|MAPK3,-0.57,0
0,0,0,0,0,0,1,1,0,0,0,0,0,0,-2.2,-2.2,C1384666,M00000011,2,0,DisGeNET,35,hearing impairment,,-2.2,5.4,3.9,30198,740,30,4,13,6.2,1300|3753|3845|5137,COL10A1|KCNE1|KRAS|PDE1C,-0.56,0
0,0,0,0,0,0,1,0,0,0,0,0,0,0,-2.2,0,C0349204,M00000010,1,0,DisGeNET,35,Nonorganic psychosis,,-2.2,8,4.3,30198,376,30,3,10,5.5,3845|5021|6532,KRAS|OXTR|SLC6A4,-0.55,0
0,0,0,0,0,0,1,0,0,0,0,0,0,0,-2.2,0,C0011615,M00000010,1,0,DisGeNET,35,"Dermatitis, Atopic",,-2.2,5.4,3.8,30198,751,30,4,13,6.2,2920|6532|7148|27190,CXCL2|SLC6A4|TNXB|IL17B,-0.54,0
1,0,0,0,0,0,0,0,-2.2,0,0,0,0,0,0,0,C0007786,M10000000,1,0,DisGeNET,35,Brain Ischemia,,-2.2,7.9,4.3,30198,358,32,3,9.4,5.2,2246|3725|25769,FGF1|JUN|SLC24A2,-0.54,0
0,0,0,0,0,0,0,1,0,0,0,0,0,0,0,-2.2,C0008626,M00000001,1,0,DisGeNET,35,Congenital chromosomal disease,,-2.2,5.3,3.8,30198,757,30,4,13,6.2,1499|3815|4436|5966,CTNNB1|KIT|MSH2|REL,-0.53,0
0,0,0,0,0,0,1,1,0,0,0,0,0,0,-2.2,-2.2,C0015672,M00000011,2,0,DisGeNET,35,Fatigue,,-2.2,5.3,3.8,30198,760,30,4,13,6.2,2253|3845|6532|7148,FGF8|KRAS|SLC6A4|TNXB,-0.53,0
1,0,0,0,0,0,0,0,-2.2,0,0,0,0,0,0,0,C0936223,M10000000,1,0,DisGeNET,35,Metastatic Prostate Carcinoma,,-2.2,7.8,4.3,30198,362,32,3,9.4,5.2,3845|8788|10664,KRAS|DLK1|CTCF,-0.53,0
0,0,0,0,0,0,1,1,0,0,0,0,0,0,-2.2,-2.2,C0013080,M00000011,2,0,DisGeNET,35,Down Syndrome,,-2.2,5.3,3.8,30198,765,30,4,13,6.2,2002|3753|6532|23493,ELK1|KCNE1|SLC6A4|HEY2,-0.52,0
1,0,0,0,0,0,0,0,-2.2,0,0,0,0,0,0,0,C0038379,M10000000,1,0,DisGeNET,35,Strabismus,,-2.2,5.3,3.8,30198,716,32,4,12,5.8,2253|3845|10664|28514,FGF8|KRAS|CTCF|DLL1,-0.52,0
0,0,0,0,0,0,1,1,0,0,0,0,0,0,-2.2,-2.2,C0027947,M00000011,2,0,DisGeNET,35,Neutropenia,,-2.2,7.8,4.2,30198,389,30,3,10,5.5,1066|2920|3845,CES1|CXCL2|KRAS,-0.52,0
0,0,0,0,0,1,0,0,0,0,0,0,0,-2.2,0,0,C4552766,M00000100,1,0,DisGeNET,35,Miscarriage,,-2.2,7.6,4.2,30198,426,28,3,11,5.8,699|3489|4320,BUB1|IGFBP6|MMP11,-0.5,0
0,0,0,0,0,0,0,1,0,0,0,0,0,0,0,-2.1,C1739135,M00000001,1,0,DisGeNET,35,Progression of prostate cancer,,-2.1,7.6,4.2,30198,398,30,3,10,5.5,1311|4616|5595,COMP|GADD45B|MAPK3,-0.5,0
0,0,0,0,0,1,0,0,0,0,0,0,0,-2.1,0,0,C1849367,M00000100,1,0,DisGeNET,35,Nasal bridge wide,,-2.1,7.5,4.2,30198,429,28,3,11,5.8,762|1063|4751,CA4|CENPF|NEK2,-0.5,0
0,0,0,0,0,0,1,0,0,0,0,0,0,0,-2.1,0,C0018784,M00000010,1,0,DisGeNET,35,Sensorineural Hearing Loss (disorder),,-2.1,5.1,3.7,30198,783,30,4,13,6.2,2253|2295|3753|3845,FGF8|FOXF2|KCNE1|KRAS,-0.5,0
0,0,0,0,0,0,1,0,0,0,0,0,0,0,-2.1,0,C0018798,M00000010,1,0,DisGeNET,35,Congenital Heart Defects,,-2.1,7.4,4.1,30198,406,30,3,10,5.5,6532|7148|23493,SLC6A4|TNXB|HEY2,-0.48,0
0,0,0,0,0,0,0,1,0,0,0,0,0,0,0,-2.1,C2936719,M00000001,1,0,DisGeNET,35,Mechanical Allodynia,,-2.1,7.4,4.1,30198,408,30,3,10,5.5,1385|1523|5595,CREB1|CUX1|MAPK3,-0.48,0
0,0,0,0,0,0,0,1,0,0,0,0,0,0,0,-2.1,C4551683,M00000001,1,0,DisGeNET,35,Adrenal Gland Pheochromocytoma,,-2.1,7.3,4.1,30198,416,30,3,10,5.5,3815|4436|5595,KIT|MSH2|MAPK3,-0.46,0
0,0,0,0,0,0,0,1,0,0,0,0,0,0,0,-2.1,C0038436,M00000001,1,0,DisGeNET,35,Post-Traumatic Stress Disorder,,-2.1,7.2,4,30198,417,30,3,10,5.5,1385|1499|5595,CREB1|CTNNB1|MAPK3,-0.45,0
0,0,0,0,0,0,1,1,0,0,0,0,0,0,-2.1,-2.1,C0008370,M00000011,2,0,DisGeNET,35,Cholestasis,,-2.1,7.2,4,30198,420,30,3,10,5.5,2920|3845|23493,CXCL2|KRAS|HEY2,-0.45,0
0,0,0,0,0,0,1,1,0,0,0,0,0,0,-2.1,-2.1,C0006287,M00000011,2,0,DisGeNET,35,Bronchopulmonary Dysplasia,,-2.1,7.1,4,30198,423,30,3,10,5.5,2295|6532|9127,FOXF2|SLC6A4|P2RX6,-0.44,0
0,0,0,0,0,0,1,1,0,0,0,0,0,0,-2.1,-2.1,C0009806,M00000011,2,0,DisGeNET,35,Constipation,,-2.1,7.1,4,30198,424,30,3,10,5.5,3845|6532|7148,KRAS|SLC6A4|TNXB,-0.44,0
0,0,0,0,0,0,1,0,0,0,0,0,0,0,-2.1,0,C0022104,M00000010,1,0,DisGeNET,35,Irritable Bowel Syndrome,,-2.1,7,4,30198,429,30,3,10,5.5,4680|5021|6532,CEACAM6|OXTR|SLC6A4,-0.43,0
0,0,0,0,0,0,0,1,0,0,0,0,0,0,0,-2.1,C0524910,M00000001,1,0,DisGeNET,35,"Hepatitis C, Chronic",,-2.1,7,4,30198,430,30,3,10,5.5,571|1499|3043,BACH1|CTNNB1|HBB,-0.43,0
0,0,0,0,0,0,0,1,0,0,0,0,0,0,0,-2.1,C0008497,M00000001,1,0,DisGeNET,35,Choriocarcinoma,,-2.1,7,4,30198,431,30,3,10,5.5,1499|3815|5595,CTNNB1|KIT|MAPK3,-0.42,0
0,0,0,0,0,0,0,1,0,0,0,0,0,0,0,-2,C0035222,M00000001,1,0,DisGeNET,35,"Respiratory Distress Syndrome, Adult",,-2,7,3.9,30198,434,30,3,10,5.5,1499|3489|4800,CTNNB1|IGFBP6|NFYA,-0.42,0
0,0,0,0,0,0,0,1,0,0,0,0,0,0,0,-2,C3241937,M00000001,1,0,DisGeNET,35,Nonalcoholic Steatohepatitis,,-2,7,3.9,30198,434,30,3,10,5.5,4089|5595|8659,SMAD4|MAPK3|ALDH4A1,-0.42,0
1,0,0,0,0,0,0,0,-2,0,0,0,0,0,0,0,C1840077,M10000000,1,0,DisGeNET,35,Anteverted nostril,,-2,7,3.9,30198,407,32,3,9.4,5.2,2253|3845|28514,FGF8|KRAS|DLL1,-0.42,0
0,0,0,0,0,0,1,1,0,0,0,0,0,0,-2,-2,C0023530,M00000011,2,0,DisGeNET,35,Leukopenia,,-2,6.9,3.9,30198,440,30,3,10,5.5,1066|2920|3845,CES1|CXCL2|KRAS,-0.4,0
0,0,0,0,0,1,0,0,0,0,0,0,0,-2,0,0,C0020255,M00000100,1,0,DisGeNET,35,Hydrocephalus,,-2,6.8,3.9,30198,473,28,3,11,5.8,1063|24137|55165,CENPF|KIF4A|CEP55,-0.4,0
0,0,0,0,0,0,1,1,0,0,0,0,0,0,-2,-2,C0003872,M00000011,2,0,DisGeNET,35,"Arthritis, Psoriatic",,-2,6.7,3.8,30198,450,30,3,10,5.5,1311|7148|27190,COMP|TNXB|IL17B,-0.38,0
